carId,Engine Fuel Type,Engine HP,Engine Cylinders,Transmission Type,Driven_Wheels,Number of Doors,Vehicle Size,Vehicle Style,Popularity,MSRP,Common,Crossover,Exotic,Factory Tuner,Hatchback,High-Performance,Hybrid,Luxury,Performance,City Preference,Highway Preference
0,0,335,6,1,2,2,1,4,3916,46135,0,0,0,1,0,1,0,1,0,0,1
1,0,300,6,1,2,2,1,5,3916,40650,0,0,0,0,0,0,0,1,1,0,1
2,0,300,6,1,2,2,1,4,3916,36350,0,0,0,0,0,1,0,1,0,0,1
3,0,230,6,1,2,2,1,4,3916,31200,0,0,0,0,0,0,0,1,1,0,1
4,0,300,6,1,2,2,1,5,3916,44100,0,0,0,0,0,0,0,1,1,0,1
5,0,230,6,1,2,2,1,5,3916,37200,0,0,0,0,0,0,0,1,0,0,1
6,0,300,6,1,2,2,1,4,3916,39600,0,0,0,0,0,1,0,1,0,0,1
7,0,160,4,1,2,2,1,5,819,27495,0,0,0,0,0,0,0,0,1,1,0
8,0,240,4,0,2,2,1,4,3916,32850,0,0,0,0,0,0,0,1,1,1,0
9,0,240,4,0,2,2,1,5,3916,38650,0,0,0,0,0,0,0,1,0,1,0
10,0,335,6,0,1,2,1,4,3916,46450,0,0,0,1,0,1,0,1,0,0,1
11,0,335,6,0,2,2,1,5,3916,49050,0,0,0,1,0,1,0,1,0,0,1
12,1,184,4,0,0,4,0,0,1013,25170,0,0,0,0,0,0,0,0,0,1,0
13,1,184,4,0,0,4,0,0,1013,21995,0,0,0,0,0,0,0,0,0,1,0
14,1,295,6,0,1,4,0,0,1013,29905,0,0,0,0,0,0,0,0,1,0,1
15,0,100,4,1,0,4,1,3,586,16020,0,0,0,0,1,0,0,0,0,1,0
16,0,100,4,0,0,4,1,3,586,17050,0,0,0,0,1,0,0,0,0,1,0
17,0,100,4,0,0,4,1,3,586,17050,0,0,0,0,1,0,0,0,0,1,0
18,0,300,6,0,1,4,0,3,3916,47250,0,0,0,0,1,0,0,1,1,0,1
19,0,240,4,0,1,4,0,3,3916,43000,0,0,0,0,1,0,0,1,0,1,0
20,0,320,6,0,1,4,0,3,3916,49650,0,0,0,0,1,0,0,1,1,0,1
21,0,241,4,0,1,4,0,6,3916,41950,0,0,0,0,0,0,0,1,0,1,0
22,0,335,6,0,2,4,0,0,3916,50150,0,0,0,0,0,1,1,1,0,1,0
23,2,180,4,0,2,4,0,0,3916,39000,0,0,0,0,0,0,0,1,0,1,0
24,2,180,4,0,1,4,0,6,3916,43450,0,0,0,0,0,0,0,1,0,1,0
25,2,180,4,0,1,4,0,0,3916,41850,0,0,0,0,0,0,0,1,0,1,0
26,0,320,6,0,1,4,0,0,3916,47800,0,0,0,0,0,1,0,1,0,1,0
27,0,240,4,1,2,4,0,0,3916,38350,0,0,0,0,0,0,0,1,1,1,0
28,0,240,4,0,1,4,0,6,3916,42650,0,0,0,0,0,0,0,1,0,1,0
29,2,180,4,0,1,4,0,6,3916,44150,0,0,0,0,0,0,0,1,0,1,0
30,0,248,4,0,2,4,0,0,3916,38750,0,0,0,0,0,0,0,1,1,1,0
31,2,180,4,0,1,4,0,0,3916,42250,0,0,0,0,0,0,0,1,0,1,0
32,0,248,4,0,1,4,0,6,3916,42950,0,0,0,0,0,0,0,1,0,1,0
33,2,180,4,0,1,4,0,6,3916,44450,0,0,0,0,0,0,0,1,0,1,0
34,0,300,6,0,1,4,2,0,1013,37570,1,0,0,0,0,0,0,0,0,0,1
35,0,300,6,0,1,4,2,0,1013,38095,1,0,0,0,0,0,0,0,0,0,1
36,0,292,6,0,1,4,2,0,1013,41135,1,0,0,0,0,0,0,0,0,0,1
37,0,350,6,0,2,2,1,4,2009,46790,0,0,0,1,0,1,0,0,0,0,1
38,0,332,6,1,2,2,1,5,2009,48100,0,0,0,0,0,1,0,0,0,0,1
39,0,332,6,1,2,2,1,4,2009,29990,0,0,0,0,0,1,0,0,0,0,1
40,0,332,6,0,2,2,1,5,2009,41820,0,0,0,0,0,1,0,0,0,0,1
41,0,350,6,0,2,2,1,4,2009,43290,0,0,0,1,0,1,0,0,0,0,1
42,0,332,6,1,2,2,1,4,2009,37970,0,0,0,0,0,1,0,0,0,0,1
43,0,332,6,1,2,2,1,5,2009,45270,0,0,0,0,0,1,0,0,0,0,1
44,0,184,4,1,0,4,1,0,586,25045,0,0,0,0,0,0,0,0,1,1,0
45,0,184,4,0,0,4,1,3,586,25395,0,0,0,0,1,0,0,0,1,1,0
46,0,155,4,1,0,4,1,0,586,22545,1,0,0,0,0,0,0,0,0,1,0
47,0,184,4,0,0,4,1,3,586,25495,0,0,0,0,1,0,0,0,1,1,0
48,0,155,4,1,0,4,1,3,586,20745,0,0,0,0,1,0,0,0,0,1,0
49,0,155,4,0,0,4,0,0,586,21495,1,0,0,0,0,0,0,0,0,1,0
50,0,155,4,0,0,4,1,3,586,20145,0,0,0,0,1,0,0,0,0,1,0
51,0,184,4,1,0,4,1,3,586,23895,0,0,0,0,1,0,0,0,1,1,0
52,0,240,4,0,1,4,0,0,3916,42300,0,0,0,0,0,0,0,1,0,1,0
53,0,240,4,0,1,4,0,0,3916,43650,0,0,0,0,0,0,0,1,0,1,0
54,0,320,6,0,2,4,0,0,3916,48300,0,0,0,0,0,1,0,1,0,0,1
55,0,300,6,0,1,2,0,5,3916,56900,0,0,0,0,0,0,0,1,1,0,1
56,0,300,6,0,2,2,0,4,3916,46250,0,0,0,0,0,0,0,1,1,0,1
57,0,240,4,0,1,2,0,5,3916,52000,0,0,0,0,0,0,0,1,0,0,1
58,0,240,4,1,2,2,0,4,3916,41850,0,0,0,0,0,0,0,1,1,1,0
59,0,300,6,0,1,2,0,4,3916,50150,0,0,0,0,0,0,0,1,1,0,1
60,0,248,4,0,2,2,0,5,3916,50300,0,0,0,0,0,0,0,1,0,1,0
61,0,320,6,0,1,2,0,4,3916,50500,0,0,0,0,0,0,0,1,1,0,1
62,0,562,8,2,2,2,1,5,2774,257412,0,0,1,0,0,1,0,0,0,0,1
63,0,562,8,2,2,2,1,4,2774,233509,0,0,1,0,0,1,0,0,0,0,1
64,0,562,8,2,2,2,1,4,2774,233509,0,0,1,0,0,1,0,0,0,0,1
65,0,562,8,2,2,2,1,5,2774,257412,0,0,1,0,0,1,0,0,0,0,1
66,0,562,8,2,2,2,1,4,2774,239340,0,0,1,0,0,1,0,0,0,0,1
67,0,562,8,2,2,2,1,5,2774,263553,0,0,1,0,0,1,0,0,0,0,1
68,0,237,4,2,2,2,1,5,113,63900,0,0,0,0,0,1,0,1,0,1,0
69,0,237,4,2,2,2,1,4,113,68400,0,0,0,0,0,1,0,1,0,1,0
70,0,237,4,2,2,2,1,4,113,55900,0,0,0,0,0,1,0,1,0,1,0
71,0,237,4,2,2,2,1,5,113,65900,0,0,0,0,0,1,0,1,0,1,0
72,0,270,6,0,2,4,0,1,2031,41365,1,0,0,0,0,0,0,0,0,0,1
73,0,270,6,0,3,4,0,1,2031,37825,1,0,0,0,0,0,0,0,0,0,1
74,0,270,6,0,2,4,0,1,2031,36690,1,0,0,0,0,0,0,0,0,0,1
75,0,300,6,0,2,4,2,3,3916,60700,0,0,0,0,1,0,0,1,0,0,1
76,0,300,6,0,1,4,2,3,3916,63200,0,0,0,0,1,0,0,1,0,0,1
77,0,300,6,0,1,4,2,3,3916,63200,0,0,0,0,1,0,0,1,0,0,1
78,0,443,8,0,1,4,2,0,3916,67200,0,0,0,0,0,1,0,1,0,0,1
79,2,255,6,0,2,4,2,0,3916,57100,0,0,0,0,0,0,0,1,0,1,0
80,2,255,6,0,2,4,2,0,3916,57350,0,0,0,0,0,0,0,1,0,1,0
81,0,302,6,0,1,4,2,0,3916,58150,0,0,0,0,0,0,0,1,1,0,1
82,3,118,0,3,0,2,1,3,819,31800,0,0,0,0,1,0,0,0,0,1,0
83,3,118,0,3,0,2,1,3,819,31800,0,0,0,0,1,0,0,0,0,1,0
84,3,118,0,3,0,2,1,3,819,31800,0,0,0,0,1,0,0,0,0,1,0
85,0,160,4,1,0,2,1,5,819,26595,0,0,0,1,0,0,0,0,1,1,0
86,0,101,4,1,0,2,1,3,819,18700,0,0,0,0,1,0,0,0,0,1,0
87,0,160,4,1,0,2,1,5,819,26695,0,0,0,1,0,0,0,0,1,1,0
88,0,101,4,1,0,2,1,3,819,21295,0,0,0,0,1,0,0,0,0,1,0
89,0,160,4,1,0,2,1,3,819,19995,0,0,0,1,1,0,0,0,1,1,0
90,0,101,4,0,0,2,1,3,819,19390,0,0,0,0,1,0,0,0,0,1,0
91,0,101,4,0,0,2,1,5,819,17485,1,0,0,0,0,0,0,0,0,1,0
92,0,160,4,1,0,2,1,5,819,21490,0,0,0,1,0,0,0,0,1,1,0
93,0,160,4,1,0,4,1,6,819,19345,1,0,0,0,0,0,0,0,0,1,0
94,0,160,4,1,0,4,1,6,819,21880,1,0,0,0,0,0,0,0,0,1,0
95,0,160,4,0,0,4,1,6,819,23695,1,0,0,0,0,0,0,0,0,1,0
96,0,180,4,0,1,4,1,1,819,24635,0,1,0,0,0,0,0,0,0,0,1
97,0,160,4,1,0,4,1,1,819,20000,0,1,0,0,0,0,0,0,0,1,0
98,0,180,4,0,1,4,1,1,819,27035,0,1,0,0,0,0,0,0,0,0,1
99,0,160,4,1,0,4,1,1,819,19995,0,1,0,0,0,0,0,0,0,1,0
100,0,562,8,2,2,2,1,4,416,184900,0,0,1,0,0,1,0,0,0,0,1
101,0,543,12,0,2,4,2,0,67,366000,0,0,1,0,0,0,0,1,0,0,1
102,0,543,12,0,2,4,2,0,67,372500,0,0,1,0,0,0,0,1,0,0,1
103,0,543,12,0,2,4,2,0,67,379050,0,0,1,0,0,0,0,1,0,0,1
104,0,611,12,1,2,2,0,4,2774,310543,0,0,1,0,0,1,0,0,0,0,1
105,0,611,12,2,2,2,0,4,2774,320580,0,0,1,0,0,1,0,0,0,0,1
106,0,157,4,0,0,4,1,7,586,24470,1,0,0,0,0,0,0,0,0,1,0
107,0,157,4,1,0,4,1,7,586,20140,1,0,0,0,0,0,0,0,0,0,1
108,0,157,4,0,0,4,1,7,586,24770,1,0,0,0,0,0,0,0,0,0,1
109,0,445,8,0,1,4,2,0,3916,92600,0,0,0,0,0,1,0,1,0,0,1
110,0,445,8,0,1,4,2,0,3916,93900,0,0,0,0,0,1,0,1,0,0,1
111,0,445,8,0,2,4,2,0,3916,91200,0,0,0,0,0,1,0,1,0,0,1
112,0,445,8,0,2,2,0,5,3916,94900,0,0,0,0,0,1,0,1,0,0,1
113,0,315,6,0,1,2,0,4,3916,79100,0,0,0,0,0,0,0,1,1,0,1
114,0,315,6,0,1,2,0,5,3916,87800,0,0,0,0,0,0,0,1,1,0,1
115,0,315,6,0,2,2,0,4,3916,77300,0,0,0,0,0,0,0,1,1,0,1
116,0,445,8,0,1,2,0,4,3916,92000,0,0,0,0,0,1,0,1,0,0,1
117,0,315,6,0,2,2,0,5,3916,85100,0,0,0,0,0,0,0,1,1,0,1
118,0,532,12,2,2,2,2,4,2774,313088,0,0,1,0,0,1,0,0,0,0,1
119,0,532,12,2,2,2,2,4,2774,313088,0,0,1,0,0,1,0,0,0,0,1
120,0,604,12,0,2,4,2,0,67,456500,0,0,1,0,0,1,0,1,0,0,1
121,0,543,12,0,2,4,2,0,67,423500,0,0,1,0,0,0,0,1,0,0,1
122,0,620,12,0,2,4,2,0,67,470350,0,0,1,0,0,0,0,1,1,0,1
123,0,641,8,2,2,2,1,4,416,265500,0,0,1,0,0,1,0,0,0,0,1
124,0,641,8,2,2,2,1,5,416,280225,0,0,1,0,0,1,0,0,0,0,1
125,0,184,4,0,0,4,0,0,586,24895,1,0,0,0,0,0,0,0,0,1,0
126,0,184,4,0,0,4,0,0,586,22995,1,0,0,0,0,0,0,0,0,1,0
127,0,184,4,0,0,4,0,0,586,30695,1,0,0,0,0,0,0,0,0,1,0
128,0,535,12,0,2,4,2,0,3916,141200,0,0,0,0,0,1,0,1,0,0,1
129,2,255,6,0,1,4,2,0,3916,82500,0,0,0,0,0,0,0,1,0,1,0
130,0,445,8,0,2,4,2,0,3916,94400,0,0,0,0,0,1,0,1,0,0,1
131,0,445,8,0,2,4,2,0,3916,94600,0,0,0,0,0,1,0,1,0,0,1
132,0,300,4,1,2,2,1,4,1715,53900,0,0,0,0,0,1,0,1,0,0,1
133,0,205,4,1,2,2,1,4,2031,26255,0,0,0,0,0,0,0,0,1,0,1
134,0,200,4,0,2,2,1,4,2031,26975,0,0,0,0,0,0,0,0,1,1,0
135,0,350,6,1,2,2,1,5,1715,96200,0,0,0,0,0,1,0,1,0,0,1
136,0,430,6,1,1,2,1,4,1715,120900,0,0,0,0,0,1,0,1,0,0,1
137,0,520,6,2,1,2,1,5,1715,163000,0,0,0,0,0,1,0,1,0,0,1
138,0,520,6,2,1,2,1,4,1715,151100,0,0,0,0,0,1,0,1,0,0,1
139,0,350,6,1,1,2,1,5,1715,102930,0,0,0,0,0,1,0,1,0,0,1
140,0,430,6,1,1,2,1,4,1715,120900,0,0,0,0,0,1,0,1,0,0,1
141,0,520,6,2,1,2,1,4,1715,151100,0,0,0,0,0,1,0,1,0,0,1
142,0,560,6,2,1,2,1,5,1715,194600,0,0,0,0,0,1,0,1,0,0,1
143,0,540,6,2,1,2,1,4,1715,159200,0,0,0,0,0,1,0,1,0,0,1
144,0,370,6,1,1,2,1,4,1715,108600,0,0,0,0,0,1,0,1,0,0,1
145,0,580,6,2,1,2,1,5,1715,200400,0,0,0,0,0,1,0,1,0,0,1
146,0,420,6,1,2,2,1,5,1715,115700,0,0,0,0,0,1,0,1,0,0,1
147,2,150,4,2,0,4,1,0,3105,35150,0,0,0,0,0,0,0,1,0,1,0
148,0,220,4,2,1,4,1,0,3105,33200,0,0,0,0,0,0,0,1,0,1,0
149,0,170,4,2,0,2,1,5,3105,44050,0,0,0,0,0,0,0,1,0,1,0
150,0,220,4,2,1,4,1,0,3105,34200,0,0,0,0,0,0,0,1,0,1,0
151,0,220,4,2,1,2,1,5,3105,39600,0,0,0,0,0,0,0,1,0,1,0
152,2,150,4,2,0,4,1,0,3105,33200,0,0,0,0,0,0,0,1,0,1,0
153,0,220,4,2,1,4,1,0,3105,43150,0,0,0,0,0,0,0,1,0,1,0
154,0,186,4,2,0,2,1,5,3105,37600,0,0,0,0,0,0,0,1,0,1,0
155,0,252,4,2,1,4,0,6,3105,51400,0,0,0,0,0,0,0,1,0,1,0
156,0,220,4,0,1,4,0,0,3105,45000,0,0,0,0,0,0,0,1,0,1,0
157,0,220,4,1,1,4,0,0,3105,37000,0,0,0,0,0,0,0,1,0,1,0
158,0,252,4,2,0,4,0,0,3105,37300,0,0,0,0,0,0,0,1,1,1,0
159,0,220,4,0,1,2,0,4,3105,43800,0,0,0,0,0,0,0,1,0,1,0
160,0,220,4,0,1,2,0,5,3105,47900,0,0,0,0,0,0,0,1,0,0,1
161,1,220,4,1,1,2,0,4,3105,41200,0,0,0,0,0,0,0,1,0,1,0
162,1,220,4,0,1,2,0,5,3105,48600,0,0,0,0,0,0,0,1,0,0,1
163,2,240,6,0,1,4,0,0,3105,58700,0,0,0,0,0,0,0,1,0,1,0
164,0,220,4,0,1,4,0,0,3105,50450,0,0,0,0,0,0,0,1,0,0,1
165,0,252,4,0,1,4,0,0,3105,52100,0,0,0,0,0,0,0,1,0,1,0
166,2,240,6,0,1,4,0,0,3105,59500,0,0,0,0,0,0,0,1,0,1,0
167,0,252,4,0,1,4,0,0,3105,53800,0,0,0,0,0,0,0,1,0,1,0
168,0,310,6,0,1,4,2,0,3105,65900,0,0,0,0,0,0,0,1,1,0,1
169,2,240,6,0,1,4,2,0,3105,68300,0,0,0,0,0,0,0,1,0,1,0
170,2,240,6,0,1,4,2,0,3105,70400,0,0,0,0,0,0,0,1,0,1,0
171,0,333,6,0,1,4,2,0,3105,68300,0,0,0,0,0,0,0,1,1,0,1
172,0,333,6,0,1,4,2,0,3105,68800,0,0,0,0,0,0,0,1,1,0,1
173,2,240,6,0,1,4,2,0,3105,85200,0,0,0,0,0,0,0,1,0,1,0
174,0,500,12,0,1,4,2,0,3105,137900,0,0,0,0,0,1,0,1,0,0,1
175,0,450,8,0,1,4,2,0,3105,91500,0,0,0,0,0,1,0,1,0,0,1
176,0,281,6,0,0,4,0,1,549,43850,0,1,0,0,0,0,0,0,0,0,1
177,0,281,6,0,0,4,0,1,549,33975,0,1,0,0,0,0,0,0,0,0,1
178,0,281,6,0,0,4,0,1,549,36755,0,1,0,0,0,0,0,0,0,0,1
179,0,194,4,0,0,4,0,1,549,38350,0,1,0,0,0,0,0,0,0,0,1
180,0,138,4,0,0,4,1,3,1439,17395,0,0,0,0,1,0,0,0,0,1,0
181,0,138,4,0,0,4,1,0,1439,15645,1,0,0,0,0,0,0,0,0,1,0
182,0,137,4,1,0,4,1,0,1439,14745,1,0,0,0,0,0,0,0,0,1,0
183,0,137,4,1,0,4,1,3,1439,14995,0,0,0,0,1,0,0,0,0,1,0
184,0,137,4,0,0,4,1,0,1439,15745,1,0,0,0,0,0,0,0,0,1,0
185,0,137,4,0,0,4,1,3,1439,17495,0,0,0,0,1,0,0,0,0,1,0
186,0,271,6,0,1,4,0,3,2202,34020,0,1,0,0,1,0,0,0,0,0,1
187,0,271,6,0,0,4,0,3,2202,29990,0,1,0,0,1,0,0,0,0,0,1
188,0,195,4,0,0,4,0,0,2202,31905,0,0,0,0,0,0,1,0,0,1,0
189,0,196,4,0,0,4,0,0,2202,35055,0,0,0,0,0,0,1,0,0,1,0
190,0,212,4,0,0,4,0,0,2202,29605,0,0,0,0,0,0,1,0,0,1,0
191,0,196,4,0,0,4,0,0,2202,39780,0,0,0,0,0,0,1,0,0,1,0
192,0,278,6,1,0,2,0,4,2202,30775,0,0,0,0,0,0,0,0,1,0,1
193,0,278,6,0,0,4,0,0,2202,32270,1,0,0,0,0,0,0,0,0,0,1
194,0,185,4,1,0,4,0,0,2202,25030,1,0,0,0,0,0,0,0,0,1,0
195,0,278,6,0,0,4,0,0,2202,32745,1,0,0,0,0,0,0,0,0,0,1
196,0,185,4,0,0,2,0,4,2202,26850,1,0,0,0,0,0,0,0,0,1,0
197,0,189,4,1,0,4,0,0,2202,24265,1,0,0,0,0,0,0,0,0,1,0
198,0,189,4,0,0,4,0,0,2202,26215,1,0,0,0,0,0,0,0,0,1,0
199,0,185,4,1,0,2,0,4,2202,24025,1,0,0,0,0,0,0,0,0,1,0
200,0,185,4,1,0,4,0,0,2202,22355,1,0,0,0,0,0,0,0,0,1,0
201,0,335,6,0,2,4,2,0,3916,61400,0,0,0,0,0,0,1,1,1,1,0
202,0,335,6,0,2,4,2,0,3916,61900,0,0,0,0,0,0,1,1,1,1,0
203,0,335,6,0,2,4,2,0,3916,62100,0,0,0,0,0,0,1,1,1,1,0
204,0,350,6,0,2,4,2,0,3916,84300,0,0,0,0,0,0,1,1,1,1,0
205,0,350,6,0,2,4,2,0,3916,84300,0,0,0,0,0,0,1,1,1,1,0
206,0,335,6,0,2,4,2,0,3916,84300,0,0,0,0,0,0,1,1,1,1,0
207,0,480,8,0,1,4,0,1,3916,88900,0,1,0,0,0,0,1,1,1,0,1
208,0,480,8,0,1,4,0,1,3916,88900,0,1,0,0,0,0,1,1,1,0,1
209,0,220,4,0,1,4,0,6,3105,40700,0,0,0,0,0,0,0,1,0,0,1
210,0,220,4,0,1,4,0,6,3105,44500,0,0,0,0,0,0,0,1,0,0,1
211,0,220,4,0,1,4,0,6,3105,42700,0,0,0,0,0,0,0,1,0,0,1
212,0,540,8,0,1,4,2,0,3916,117300,0,0,0,1,0,1,0,1,0,0,1
213,0,600,8,0,1,4,2,0,3916,122200,0,0,0,1,0,1,0,1,0,0,1
214,0,600,8,0,1,4,2,0,3916,122500,0,0,0,1,0,1,0,1,0,0,1
215,0,540,8,0,1,4,2,0,3916,135200,0,0,0,1,0,1,0,1,0,0,1
216,0,540,8,0,2,4,2,0,3916,132200,0,0,0,1,0,1,0,1,0,0,1
217,0,600,8,0,1,4,2,0,3916,137000,0,0,0,1,0,1,0,1,0,0,1
218,0,158,4,0,0,4,0,0,2009,26780,0,0,0,0,0,0,1,0,0,1,0
219,0,198,4,0,0,4,0,0,2009,26800,0,0,0,0,0,0,1,0,0,1,0
220,0,182,4,0,0,4,0,0,2009,22560,1,0,0,0,0,0,0,0,0,1,0
221,0,270,6,0,0,4,0,0,2009,32090,0,0,0,0,0,0,0,0,1,1,0
222,0,179,4,0,0,4,0,0,2009,25460,1,0,0,0,0,0,0,0,0,1,0
223,0,503,8,2,2,2,1,4,617,129900,0,0,1,1,0,1,0,1,0,0,1
224,0,503,8,0,2,2,1,4,617,131200,0,0,1,1,0,1,0,1,0,0,1
225,0,317,8,0,2,4,2,1,2009,37590,0,0,0,0,0,0,0,0,0,0,1
226,0,317,8,0,2,4,2,1,2009,50780,1,0,0,0,0,0,0,0,0,0,1
227,0,390,8,0,2,4,2,1,2009,49650,1,0,0,0,0,0,0,0,0,0,1
228,1,321,6,0,2,2,1,4,1624,48165,0,0,0,0,0,1,0,1,0,0,1
229,0,272,4,0,2,2,1,4,1624,37995,0,0,0,0,0,0,0,1,1,0,1
230,0,272,4,0,2,2,1,4,1624,47605,0,0,0,0,0,0,0,1,1,1,0
231,0,272,4,0,1,2,1,4,1624,43395,0,0,0,0,0,0,0,1,1,1,0
232,0,464,6,1,2,2,1,4,1624,62665,0,0,0,1,0,1,0,1,0,0,1
233,0,464,6,1,2,4,1,0,1624,60465,0,0,0,1,0,1,0,1,0,0,1
234,0,464,6,1,2,2,1,4,1624,62895,0,0,0,1,0,1,0,1,0,0,1
235,0,464,6,1,2,4,1,0,1624,60695,0,0,0,1,0,1,0,1,0,0,1
236,0,272,4,0,1,4,1,0,1624,41340,0,0,0,0,0,0,0,1,1,0,1
237,1,321,6,0,2,4,1,0,1624,47615,0,0,0,0,0,1,0,1,0,0,1
238,0,335,6,0,2,4,0,0,1624,41340,0,0,0,0,0,1,0,1,0,0,1
239,0,335,6,0,2,4,0,0,1624,46995,0,0,0,0,0,1,0,1,0,0,1
240,1,320,8,0,2,4,2,2,1385,45815,0,1,0,0,0,0,0,0,0,0,1
241,1,320,8,0,2,4,2,2,1385,39405,0,1,0,0,0,0,0,0,0,0,1
242,1,320,8,0,2,4,2,2,1385,40195,0,1,0,0,0,0,0,0,0,0,1
243,0,200,4,0,0,4,0,0,2031,37800,0,0,0,0,0,0,1,0,0,1,0
244,0,200,4,0,0,4,0,0,2031,36650,0,0,0,0,0,0,1,0,0,1,0
245,0,200,4,0,0,4,0,0,2031,42550,0,0,0,0,0,0,1,0,0,1,0
246,0,268,6,0,0,4,0,0,2031,37170,0,0,0,0,0,0,0,0,1,0,1
247,0,268,6,0,0,4,0,0,2031,37050,0,0,0,0,0,0,0,0,1,0,1
248,0,268,6,0,0,4,0,0,2031,41050,0,0,0,0,0,0,0,0,1,0,1
249,1,283,6,0,0,4,0,0,1851,25995,0,0,0,0,0,0,0,0,1,0,1
250,0,173,4,0,0,4,0,0,1851,21495,1,0,0,0,0,0,0,0,0,0,1
251,1,283,6,0,0,4,0,0,1851,25695,0,0,0,0,0,0,0,0,1,0,1
252,0,173,4,0,0,4,0,0,1851,19795,0,0,0,0,0,0,0,0,0,0,1
253,0,173,4,0,0,4,0,0,1851,20595,0,0,0,0,0,0,0,0,0,0,1
254,1,283,6,0,0,4,0,0,1851,25795,0,0,0,0,0,0,0,0,1,0,1
255,0,700,12,2,1,2,0,5,1158,441600,0,0,1,0,0,1,0,0,0,0,1
256,0,700,12,2,1,2,0,4,1158,397500,0,0,1,0,0,1,0,0,0,0,1
257,0,700,12,2,1,2,0,5,1158,441600,0,0,1,0,0,1,0,0,0,0,1
258,0,700,12,2,1,2,0,4,1158,397500,0,0,1,0,0,1,0,0,0,0,1
259,0,700,12,2,1,2,0,5,1158,443800,0,0,1,0,0,1,0,0,0,0,1
260,0,750,12,2,1,2,0,4,1158,490700,0,0,1,0,0,1,0,0,0,0,1
261,0,108,4,1,0,4,1,3,1385,15365,0,0,0,0,1,0,0,0,0,1,0
262,0,108,4,1,0,4,1,0,1385,11965,1,0,0,0,0,0,0,0,0,1,0
263,0,108,4,1,0,4,1,3,1385,15365,0,0,0,0,1,0,0,0,0,1,0
264,0,108,4,1,0,4,1,0,1385,11965,1,0,0,0,0,0,0,0,0,1,0
265,0,293,6,0,0,4,0,0,1439,38200,0,0,0,0,0,0,0,0,1,0,1
266,0,293,6,0,0,4,0,0,1439,34100,0,0,0,0,0,0,0,0,1,0,1
267,0,293,6,0,0,4,0,0,1439,34100,0,0,0,0,0,0,0,0,1,0,1
268,0,500,8,0,2,2,2,5,520,363000,0,0,1,0,0,1,0,1,0,0,1
269,3,177,0,3,0,4,1,3,617,41450,0,0,0,0,1,0,0,1,0,1,0
270,3,177,0,3,0,4,1,3,617,41450,0,0,0,0,1,0,0,1,0,1,0
271,3,177,0,3,0,4,1,3,617,39900,0,0,0,0,1,0,0,1,0,1,0
272,0,170,4,0,0,2,1,5,873,27295,1,0,0,0,0,0,0,0,0,1,0
273,0,210,4,2,0,2,1,5,873,31795,0,0,0,0,0,0,0,0,1,1,0
274,2,140,4,2,0,2,1,5,873,32755,0,0,0,0,0,0,0,0,0,1,0
275,2,150,4,1,0,2,1,5,873,30295,0,0,0,0,0,0,0,0,0,1,0
276,0,210,4,2,0,2,1,5,873,31995,0,0,0,0,0,0,0,0,1,1,0
277,0,170,4,0,0,2,1,5,873,29595,1,0,0,0,0,0,0,0,0,1,0
278,0,210,4,1,0,2,1,5,873,29790,0,0,0,0,0,0,0,0,1,1,0
279,0,170,4,0,0,2,1,5,873,28070,1,0,0,0,0,0,0,0,0,1,0
280,2,150,4,2,0,2,1,3,873,25895,0,0,0,0,1,0,0,0,0,1,0
281,0,210,4,2,0,2,1,3,873,31625,0,0,0,0,1,0,0,0,1,1,0
282,0,170,4,0,0,2,1,3,873,20195,0,0,0,0,1,0,0,0,0,1,0
283,0,210,4,1,0,2,1,3,873,25995,0,0,0,0,1,0,0,0,1,1,0
284,0,170,4,0,0,2,1,3,873,22450,0,0,0,0,1,0,0,0,0,1,0
285,0,170,4,0,0,2,1,3,873,20475,0,0,0,0,1,0,0,0,0,1,0
286,0,210,4,2,0,2,1,3,873,32550,0,0,0,0,1,0,0,0,1,1,0
287,1,320,8,0,3,4,2,2,1385,39030,0,1,0,0,0,0,0,0,0,0,1
288,3,200,0,3,0,4,1,3,1385,40905,0,0,0,0,1,0,0,0,0,1,0
289,0,315,6,1,2,2,1,5,1715,62100,0,0,0,0,0,1,0,1,0,0,1
290,0,330,6,1,2,2,1,5,1715,73500,0,0,0,0,0,1,0,1,0,0,1
291,0,330,6,1,2,2,1,5,1715,74600,0,0,0,0,0,1,0,1,0,0,1
292,0,530,8,0,2,2,2,4,520,340990,0,0,1,0,0,1,0,1,0,0,1
293,0,200,4,1,2,2,1,4,640,29490,0,0,0,0,0,0,0,0,1,1,0
294,0,200,4,1,2,2,1,4,640,27395,0,0,0,0,0,0,0,0,1,1,0
295,0,200,4,0,2,2,1,4,640,28745,0,0,0,0,0,0,0,0,1,1,0
296,0,205,4,1,2,2,1,4,640,29695,0,0,0,0,0,0,0,0,1,0,1
297,0,241,4,0,1,4,0,0,617,40400,0,0,0,0,0,0,0,1,0,1,0
298,0,302,6,0,1,2,1,4,617,46050,0,0,0,0,0,0,0,1,1,0,1
299,0,241,4,0,1,4,0,0,617,43125,0,0,0,0,0,0,0,1,0,1,0
300,0,241,4,0,2,4,0,0,617,39850,0,0,0,0,0,0,0,1,0,1,0
301,0,469,8,0,2,2,0,4,617,67000,0,0,0,1,0,1,0,1,0,0,1
302,0,241,4,0,1,2,0,5,617,52900,0,0,0,0,0,0,0,1,0,1,0
303,0,188,4,0,0,4,1,6,5657,27170,0,0,0,0,0,0,1,0,0,1,0
304,0,188,4,0,0,4,1,6,5657,24170,0,0,0,0,0,0,1,0,0,1,0
305,0,188,4,0,0,4,1,6,5657,24120,0,0,0,0,0,0,1,0,0,1,0
306,0,227,5,1,0,2,1,3,870,24700,0,0,0,0,1,0,0,1,0,0,1
307,0,227,5,1,0,2,1,3,870,27450,0,0,0,0,1,0,0,1,1,0,1
308,0,227,5,1,0,2,1,3,870,25500,0,0,0,0,1,0,0,1,0,0,1
309,0,227,5,0,0,2,1,5,870,39950,0,0,0,0,0,0,0,1,0,0,1
310,0,227,5,0,0,2,1,5,870,40450,0,0,0,0,0,0,0,1,0,0,1
311,0,227,5,0,0,2,1,5,870,41200,0,0,0,0,0,0,0,1,0,0,1
312,0,293,6,0,0,4,0,0,1720,34900,0,0,0,0,0,0,0,0,1,0,1
313,0,293,6,0,0,4,0,0,1720,44090,0,0,0,0,0,0,0,0,1,0,1
314,0,290,6,0,0,4,0,0,1720,38990,0,0,0,0,0,0,0,0,1,0,1
315,0,158,4,1,0,4,1,6,1851,18740,1,0,0,0,0,0,0,0,0,1,0
316,0,158,4,0,0,4,1,6,1851,18620,1,0,0,0,0,0,0,0,0,1,0
317,0,158,4,1,0,4,1,6,1851,18730,1,0,0,0,0,0,0,0,0,1,0
318,0,553,8,2,2,2,1,5,2774,198973,0,0,1,0,0,1,0,0,0,0,1
319,0,453,8,2,2,2,1,5,2774,195840,0,0,1,0,0,1,0,0,0,0,1
320,0,483,8,2,2,2,1,5,2774,198190,0,0,1,0,0,1,0,0,0,0,1
321,0,483,8,2,2,2,1,5,2774,198190,0,0,1,0,0,1,0,0,0,0,1
322,0,323,6,1,2,2,0,4,1385,29205,0,0,0,0,0,0,0,0,1,0,1
323,0,323,6,1,2,2,0,5,1385,31205,0,0,0,0,0,0,0,0,1,0,1
324,0,455,8,1,2,2,0,5,1385,48300,0,0,0,0,0,1,0,0,0,0,1
325,0,455,8,1,2,2,0,4,1385,41300,0,0,0,0,0,1,0,0,0,0,1
326,0,455,8,1,2,2,0,5,1385,42905,0,0,0,0,0,1,0,0,0,0,1
327,0,275,4,0,2,2,0,5,1385,32600,0,0,0,0,0,0,0,0,1,1,0
328,0,455,8,1,2,2,0,4,1385,41905,0,0,0,0,0,1,0,0,0,0,1
329,0,275,4,0,2,2,0,4,1385,26600,0,0,0,0,0,0,0,0,1,1,0
330,0,200,4,0,0,4,0,0,2031,29980,0,0,0,0,0,0,1,0,0,1,0
331,0,200,4,0,0,4,0,0,2031,30140,0,0,0,0,0,0,1,0,0,1,0
332,0,200,4,0,0,4,0,0,2031,26790,0,0,0,0,0,0,1,0,0,1,0
333,0,178,4,0,0,4,0,0,2031,26150,1,0,0,0,0,0,0,0,0,1,0
334,0,178,4,0,0,4,0,0,2031,26310,1,0,0,0,0,0,0,0,0,1,0
335,0,178,4,0,0,4,0,0,2031,23070,1,0,0,0,0,0,0,0,0,1,0
336,0,185,4,0,2,4,1,2,549,24685,1,0,0,0,0,0,0,0,0,0,1
337,0,200,4,0,2,4,1,2,549,29730,1,0,0,0,0,0,0,0,0,0,1
338,0,305,6,0,2,4,1,2,549,34280,0,0,0,0,0,0,0,0,0,0,1
339,0,200,4,1,2,4,1,2,549,20955,1,0,0,0,0,0,0,0,0,0,1
340,1,180,4,0,0,4,0,1,1385,24155,0,1,0,0,0,0,0,0,0,0,1
341,1,180,4,0,0,4,0,1,1385,25145,0,1,0,0,0,0,0,0,0,0,1
342,1,180,4,0,0,4,0,1,1385,25985,0,1,0,0,0,0,0,0,0,0,1
343,0,200,4,0,0,2,0,5,155,33065,1,0,0,0,0,0,0,0,0,0,1
344,0,200,4,0,0,2,0,5,155,36065,1,0,0,0,0,0,0,0,0,0,1
345,0,420,6,0,1,4,0,1,1715,74100,0,1,0,0,0,0,0,1,1,0,1
346,2,240,6,0,1,4,0,1,1715,61700,0,1,0,0,0,0,0,1,0,0,1
347,0,440,6,0,1,4,0,1,1715,95500,0,1,0,0,0,1,0,1,0,0,1
348,2,240,6,0,1,4,0,1,1715,62300,0,1,0,0,0,0,0,1,0,0,1
349,0,520,8,0,1,4,0,1,1715,116500,0,1,0,0,0,0,0,1,1,0,1
350,0,275,6,1,2,2,1,4,1715,52600,0,0,0,0,0,1,0,1,0,0,1
351,0,325,6,1,2,2,1,4,1715,63800,0,0,0,0,0,1,0,1,0,0,1
352,0,325,6,1,2,2,1,4,1715,64100,0,0,0,0,0,1,0,1,0,0,1
353,0,200,4,1,0,4,0,0,873,34275,0,0,0,0,0,0,0,0,1,0,1
354,0,200,4,2,0,4,0,0,873,32670,0,0,0,0,0,0,0,0,1,1,0
355,0,200,4,2,0,4,0,0,873,37820,0,0,0,0,0,0,0,0,1,1,0
356,0,375,8,1,2,2,2,4,1851,31995,0,0,0,0,0,0,0,0,1,0,1
357,0,305,6,0,2,2,2,4,1851,29995,0,0,0,0,0,0,0,0,1,0,1
358,0,375,8,1,2,2,2,4,1851,31995,0,0,0,0,0,1,0,0,0,0,1
359,0,305,6,0,2,2,2,4,1851,29995,0,0,0,0,0,0,0,0,1,0,1
360,0,375,8,1,2,2,2,4,1851,35890,0,0,0,0,0,1,0,0,0,0,1
361,0,305,6,0,2,2,2,4,1851,26995,0,0,0,0,0,0,0,0,1,0,1
362,0,485,8,0,2,4,2,0,1851,47995,0,0,0,1,0,1,0,0,0,0,1
363,0,292,6,0,2,4,2,0,1851,27995,1,0,0,0,0,0,0,0,0,0,1
364,0,292,6,0,2,4,2,0,1851,27995,1,0,0,0,0,0,0,0,0,0,1
365,0,131,4,0,0,4,1,7,1385,23515,1,0,0,0,0,0,0,0,0,1,0
366,0,131,4,0,0,4,1,7,1385,23515,1,0,0,0,0,0,0,0,0,1,0
367,0,131,4,0,0,4,1,7,1385,22405,1,0,0,0,0,0,0,0,0,1,0
368,0,143,4,0,0,4,1,0,2202,24340,1,0,0,0,0,0,0,0,0,1,0
369,0,205,4,1,0,4,1,0,2202,24590,0,0,0,1,0,0,0,0,1,1,0
370,0,205,4,1,0,2,1,4,2202,23090,0,0,0,1,0,0,0,0,1,1,0
371,0,143,4,0,0,2,1,4,2202,21190,1,0,0,0,0,0,0,0,0,1,0
372,0,174,4,0,0,2,1,4,2202,26125,1,0,0,0,0,0,0,0,0,1,0
373,0,174,4,0,0,4,0,0,2202,26500,1,0,0,0,0,0,0,0,0,1,0
374,0,158,4,1,0,4,0,0,2202,18640,1,0,0,0,0,0,0,0,0,1,0
375,0,158,4,1,0,2,1,4,2202,19050,1,0,0,0,0,0,0,0,0,1,0
376,0,174,4,1,0,4,1,3,2202,19700,0,0,0,0,1,0,0,0,0,1,0
377,0,174,4,0,0,4,0,0,2202,26600,0,0,0,0,0,0,0,0,1,1,0
378,0,174,4,0,0,2,1,4,2202,26225,0,0,0,0,0,0,0,0,1,1,0
379,0,158,4,1,0,2,1,4,2202,19150,1,0,0,0,0,0,0,0,0,1,0
380,0,621,12,0,2,2,2,4,617,211000,0,0,0,1,0,1,0,1,0,0,1
381,0,621,12,0,2,2,2,4,617,213200,0,0,0,1,0,1,0,1,0,0,1
382,0,621,12,0,2,2,2,4,617,215500,0,0,0,1,0,1,0,1,0,0,1
383,0,208,4,2,0,4,0,0,617,31500,0,0,0,0,0,0,0,1,0,1,0
384,0,208,4,2,0,4,0,0,617,32050,0,0,0,0,0,0,0,1,0,1,0
385,0,208,4,0,0,4,0,0,617,32400,0,0,0,0,0,0,0,1,0,1,0
386,0,402,8,0,2,4,0,0,617,73200,0,0,0,0,0,1,0,1,0,0,1
387,0,329,6,0,2,4,0,0,617,66900,0,0,0,0,0,0,0,1,1,0,1
388,0,402,8,0,2,4,0,0,617,74850,0,0,0,0,0,1,0,1,0,0,1
389,0,155,4,1,0,4,1,0,1385,15670,1,0,0,0,0,0,0,0,0,1,0
390,0,260,4,1,0,2,1,4,1385,24535,0,0,0,1,0,1,0,0,0,1,0
391,0,300,8,0,2,4,1,2,1385,28340,0,0,0,0,0,0,0,0,1,0,1
392,0,185,4,1,3,4,1,2,1385,23030,1,0,0,0,0,0,0,0,0,0,1
393,0,200,4,0,3,4,1,2,1385,29220,1,0,0,0,0,0,0,0,0,0,1
394,0,305,6,0,3,4,1,2,1385,30665,0,0,0,0,0,0,0,0,0,0,1
395,0,200,4,1,2,4,1,2,1385,20100,1,0,0,0,0,0,0,0,0,0,1
396,0,600,12,0,1,4,2,0,520,206600,0,0,1,1,0,1,0,1,0,0,1
397,1,600,12,0,1,4,2,0,520,209600,0,0,1,1,0,1,0,1,0,0,1
398,1,600,12,0,1,4,2,0,520,209600,0,0,1,1,0,1,0,1,0,0,1
399,1,552,12,0,1,4,2,0,520,181200,0,0,1,0,0,1,0,1,0,0,1
400,1,552,12,0,1,4,2,0,520,184200,0,0,1,0,0,1,0,1,0,0,1
401,1,552,12,0,1,4,2,0,520,184200,0,0,1,0,0,1,0,1,0,0,1
402,1,626,12,0,1,2,0,5,520,238700,0,0,1,1,0,1,0,1,0,0,1
403,0,600,12,0,1,2,0,4,520,207700,0,0,1,1,0,1,0,1,0,0,1
404,1,616,12,0,1,2,0,4,520,217000,0,0,1,1,0,1,0,1,0,0,1
405,0,572,8,0,1,2,0,4,520,337000,0,0,1,1,0,1,0,1,0,0,1
406,0,500,8,0,1,2,0,4,520,177500,0,0,1,0,0,1,0,1,0,0,1
407,1,567,12,0,1,2,0,4,520,198600,0,0,1,0,0,1,0,1,0,0,1
408,1,626,12,0,1,2,0,5,520,250100,0,0,1,1,0,1,0,1,0,0,1
409,1,626,12,0,1,2,0,4,520,227600,0,0,1,1,0,1,0,1,0,0,1
410,0,521,8,0,1,2,0,5,520,219400,0,0,1,1,0,1,0,1,0,0,1
411,0,500,8,0,1,2,0,4,520,187900,0,0,1,0,0,1,0,1,0,0,1
412,0,521,8,0,1,2,0,5,520,231800,0,0,1,1,0,1,0,1,0,0,1
413,0,500,8,0,1,2,0,4,520,198500,0,0,1,0,0,1,0,1,0,0,1
414,0,600,12,0,1,2,0,5,520,231400,0,0,1,1,0,1,0,1,0,0,1
415,1,600,12,0,1,2,0,5,520,236100,0,0,1,1,0,1,0,1,0,0,1
416,1,567,12,0,1,2,0,5,520,212800,0,0,1,0,0,1,0,1,0,0,1
417,1,567,12,0,1,2,0,5,520,212800,0,0,1,0,0,1,0,1,0,0,1
418,0,500,8,0,1,2,0,5,520,191400,0,0,1,0,0,1,0,1,0,0,1
419,0,500,8,0,1,2,0,5,520,195200,0,0,1,0,0,1,0,1,0,0,1
420,1,567,12,0,1,2,0,5,520,218500,0,0,1,0,0,1,0,1,0,0,1
421,1,621,12,0,1,2,0,5,520,280400,0,0,1,1,0,1,0,1,0,0,1
422,1,621,12,0,1,2,0,5,520,280400,0,0,1,1,0,1,0,1,0,0,1
423,1,621,12,0,1,2,0,4,520,267000,0,0,1,1,0,1,0,1,0,0,1
424,1,621,12,0,1,2,0,4,520,267000,0,0,1,1,0,1,0,1,0,0,1
425,1,621,12,0,1,2,0,4,520,267000,0,0,1,1,0,1,0,1,0,0,1
426,0,305,6,0,0,4,2,0,61,44560,0,0,0,0,0,0,0,1,0,0,1
427,0,137,4,1,0,4,1,3,2031,18750,0,0,0,0,1,0,0,0,0,1,0
428,0,140,4,0,0,4,1,0,2031,18965,1,0,0,0,0,0,0,0,0,1,0
429,0,132,4,1,0,4,1,0,2031,16950,1,0,0,0,0,0,0,0,0,1,0
430,0,140,4,0,0,4,1,0,2031,19135,1,0,0,0,0,0,0,0,0,1,0
431,0,132,4,1,0,4,1,0,2031,17300,1,0,0,0,0,0,0,0,0,1,0
432,0,132,4,0,0,4,1,0,2031,22680,1,0,0,0,0,0,0,0,0,1,0
433,0,455,8,1,2,2,1,4,1385,53000,0,0,0,0,0,1,0,0,0,0,1
434,0,455,8,1,2,2,1,5,1385,62000,0,0,0,0,0,1,0,0,0,0,1
435,0,460,8,1,2,2,1,5,1385,68160,0,0,0,0,0,1,0,0,0,0,1
436,0,460,8,1,2,2,1,4,1385,64160,0,0,0,0,0,1,0,0,0,0,1
437,0,650,8,1,2,2,1,4,1385,88345,0,0,0,1,0,1,0,0,0,0,1
438,0,650,8,1,2,2,1,5,1385,83400,0,0,0,1,0,1,0,0,0,0,1
439,0,650,8,1,2,2,1,5,1385,87015,0,0,0,1,0,1,0,0,0,0,1
440,0,455,8,1,2,2,1,4,1385,59905,0,0,0,0,0,1,0,0,0,0,1
441,0,185,4,0,1,4,1,1,2202,26470,0,1,0,0,0,0,0,0,0,1,0
442,0,185,4,0,1,4,1,1,2202,32895,0,1,0,0,0,0,0,0,0,1,0
443,0,185,4,0,1,4,1,1,2202,27295,0,1,0,0,0,0,0,0,0,1,0
444,0,130,4,0,0,2,1,3,2202,20645,0,0,0,0,1,0,1,0,0,1,0
445,0,130,4,1,0,2,1,3,2202,21990,0,0,0,0,1,0,1,0,0,1,0
446,0,130,4,1,0,2,1,3,2202,22140,0,0,0,0,1,0,1,0,0,1,0
447,0,278,6,0,0,4,0,3,2202,33540,0,1,0,0,1,0,0,0,0,0,1
448,0,278,6,0,0,4,0,3,2202,33690,0,1,0,0,1,0,0,0,0,0,1
449,0,192,4,0,0,4,0,3,2202,33315,0,1,0,0,1,0,0,0,0,1,0
450,0,160,4,0,1,4,1,1,640,26395,0,1,0,0,0,0,1,0,0,1,0
451,0,148,4,1,1,4,1,1,640,22395,0,1,0,0,0,0,0,0,0,1,0
452,0,148,4,1,1,4,1,1,640,22495,0,1,0,0,0,0,0,0,0,1,0
453,1,224,8,0,2,4,2,0,5657,29905,0,0,0,0,0,0,0,0,0,0,1
454,1,239,8,0,2,4,2,0,5657,29905,0,0,0,0,0,0,0,0,0,0,1
455,0,138,4,1,0,4,0,0,1385,20195,1,0,0,0,0,0,0,0,0,1,0
456,0,138,4,1,0,4,0,0,1385,16170,1,0,0,0,0,0,0,0,0,1,0
457,2,148,4,0,0,4,0,0,1385,25660,0,0,0,0,0,0,0,0,0,1,0
458,0,153,4,0,0,4,0,0,1385,19120,1,0,0,0,0,0,0,0,0,1,0
459,0,153,4,0,0,4,1,3,1385,21920,0,0,0,0,1,0,0,0,0,1,0
460,0,153,4,0,0,4,0,0,1385,21450,1,0,0,0,0,0,0,0,0,1,0
461,0,134,4,0,0,4,1,3,454,32200,0,0,0,0,1,0,1,1,0,1,0
462,0,134,4,0,0,4,1,3,454,31250,0,0,0,0,1,0,1,1,0,1,0
463,0,134,4,0,0,4,1,3,454,31250,0,0,0,0,1,0,1,1,0,1,0
464,0,265,4,0,2,4,2,0,1624,58395,0,0,0,0,0,0,0,1,0,1,0
465,0,404,6,0,1,4,2,0,1624,64395,0,0,0,0,0,1,0,1,0,0,1
466,0,318,6,0,1,2,0,4,1624,40615,0,0,0,0,0,0,0,1,1,0,1
467,0,318,6,0,1,2,0,4,1624,40805,0,0,0,0,0,0,0,1,1,0,1
468,0,318,6,0,2,2,0,4,1624,39495,0,0,0,0,0,0,0,1,1,0,1
469,0,556,8,1,2,2,0,4,1624,63215,0,0,0,1,0,1,0,1,0,0,1
470,0,556,8,1,2,2,0,4,1624,63600,0,0,0,1,0,1,0,1,0,0,1
471,0,556,8,1,2,2,0,4,1624,69900,0,0,0,1,0,1,0,1,0,0,1
472,0,556,8,1,2,4,0,6,1624,63215,0,0,0,1,0,1,0,1,0,0,1
473,0,556,8,1,2,4,0,6,1624,63215,0,0,0,1,0,1,0,1,0,0,1
474,0,556,8,1,2,4,0,6,1624,63600,0,0,0,1,0,1,0,1,0,0,1
475,0,556,8,1,2,4,0,0,1624,63600,0,0,0,1,0,1,0,1,0,0,1
476,0,640,8,0,2,4,2,0,1624,83995,0,0,0,1,0,1,0,1,0,0,1
477,0,640,8,0,2,4,2,0,1624,85995,0,0,0,1,0,1,0,1,0,0,1
478,0,270,6,0,2,4,0,6,1624,39015,0,0,0,0,0,0,0,1,0,0,1
479,0,318,6,0,2,4,0,6,1624,44190,0,0,0,0,0,0,0,1,1,0,1
480,0,318,6,0,2,4,0,6,1624,49795,0,0,0,0,0,0,0,1,1,0,1
481,1,321,6,0,1,4,2,0,1624,54970,0,0,0,0,0,0,0,1,1,0,1
482,0,272,4,0,2,4,2,0,1624,51270,0,0,0,0,0,0,0,1,1,0,1
483,0,335,6,0,2,4,2,0,1624,58285,0,0,0,0,0,1,0,1,0,0,1
484,0,335,6,0,1,4,2,0,1624,61195,0,0,0,0,0,0,0,1,1,0,1
485,0,122,4,1,0,4,1,6,2009,14980,1,0,0,0,0,0,0,0,0,1,0
486,0,122,4,1,0,4,1,6,2009,16760,1,0,0,0,0,0,0,0,0,1,0
487,0,122,4,0,0,4,1,6,2009,19000,1,0,0,0,0,0,0,0,0,1,0
488,0,146,4,0,0,4,1,1,586,19960,0,1,0,0,0,0,0,0,0,1,0
489,0,146,4,0,0,4,1,1,586,24990,0,1,0,0,0,0,0,0,0,1,0
490,0,155,4,0,0,4,0,1,586,22795,0,1,0,0,0,0,0,0,0,1,0
491,0,184,4,0,0,4,0,1,586,27970,0,1,0,0,0,0,0,0,0,1,0
492,0,155,4,1,0,4,0,1,586,21545,0,1,0,0,0,0,0,0,0,1,0
493,0,155,4,1,0,4,0,1,586,21795,0,1,0,0,0,0,0,0,0,1,0
494,0,184,4,0,1,4,0,1,586,26465,0,1,0,0,0,0,0,0,0,1,0
495,0,244,4,0,0,4,0,1,586,25950,0,1,0,0,0,0,0,0,0,0,1
496,0,244,4,0,1,4,0,1,586,33340,0,1,0,0,0,0,0,0,0,0,1
497,0,244,4,0,0,4,0,1,586,26455,0,1,0,0,0,0,0,0,0,0,1
498,0,273,6,0,1,4,2,1,586,31575,0,1,0,0,0,0,0,0,0,0,1
499,0,273,6,0,0,4,2,1,586,35035,0,1,0,0,0,0,0,0,1,0,1
500,0,227,4,0,0,4,2,1,586,35970,0,1,0,0,0,0,0,0,0,1,0
501,0,210,6,0,2,4,1,2,1851,26325,0,0,0,0,0,0,0,0,0,0,1
502,1,302,8,0,3,4,1,2,1851,31365,0,0,0,0,0,0,0,0,0,0,1
503,0,160,4,1,0,4,0,0,1851,16495,1,0,0,0,0,0,0,0,0,1,0
504,0,184,4,0,0,4,0,0,1851,22995,1,0,0,0,0,0,0,0,0,1,0
505,0,184,4,1,0,4,0,0,1851,21645,1,0,0,0,0,0,0,0,0,1,0
506,0,160,4,1,0,4,0,0,1851,19495,1,0,0,0,0,0,0,0,0,1,0
507,0,184,4,0,0,4,0,0,1851,24395,1,0,0,0,0,0,0,0,0,1,0
508,0,563,12,0,2,2,2,5,86,335000,0,0,1,0,0,1,0,1,0,0,1
509,0,540,12,0,2,2,0,4,259,235307,0,0,1,0,0,1,0,0,0,0,1
510,0,540,12,0,2,2,0,5,259,213250,0,0,1,0,0,1,0,0,0,0,1
511,0,510,12,0,2,2,0,5,259,198700,0,0,1,0,0,1,0,0,0,0,1
512,0,510,12,0,2,2,0,4,259,183700,0,0,1,0,0,1,0,0,0,0,1
513,0,510,12,0,2,2,0,5,259,200800,0,0,1,0,0,1,0,0,0,0,1
514,0,510,12,0,2,2,0,4,259,185800,0,0,1,0,0,1,0,0,0,0,1
515,0,510,12,0,2,2,0,4,259,198295,0,0,1,0,0,1,0,0,0,0,1
516,0,510,12,0,2,2,0,5,259,203295,0,0,1,0,0,1,0,0,0,0,1
517,0,510,12,0,2,2,0,5,259,283900,0,0,1,0,0,1,0,0,0,0,1
518,0,510,12,0,2,2,0,4,259,270400,0,0,1,0,0,1,0,0,0,0,1
519,0,510,12,1,2,2,0,5,259,282295,0,0,1,1,0,1,0,0,0,0,1
520,0,510,12,1,2,2,0,4,259,268660,0,0,1,1,0,1,0,0,0,0,1
521,0,510,12,1,2,2,0,5,259,295987,0,0,1,0,0,1,0,0,0,0,1
522,0,510,12,0,2,2,0,4,259,275861,0,0,1,0,0,1,0,0,0,0,1
523,0,240,4,0,1,4,0,1,258,37070,0,1,0,0,0,0,0,1,0,0,1
524,0,240,4,0,1,4,0,1,258,41955,0,1,0,0,0,0,0,1,0,0,1
525,0,240,4,0,1,4,0,1,258,46595,0,1,0,0,0,0,0,1,0,0,1
526,0,275,8,0,0,4,2,0,1624,46280,0,0,0,0,0,0,0,1,0,0,1
527,0,292,8,0,0,4,2,0,1624,59875,0,0,0,0,0,0,0,1,0,0,1
528,0,290,6,0,2,4,2,1,1851,36895,0,1,0,0,0,0,0,0,1,0,1
529,0,360,8,0,2,4,2,1,1851,41995,0,1,0,0,0,0,0,0,1,0,1
530,0,295,6,0,2,4,2,1,1851,37495,0,1,0,0,0,0,0,0,1,0,1
531,0,329,6,0,1,2,0,4,617,55850,0,0,0,0,0,0,0,1,1,0,1
532,0,550,8,0,1,4,0,0,617,93600,0,0,0,1,0,1,0,1,0,0,1
533,0,302,6,0,1,4,0,6,617,59000,0,0,0,0,0,0,0,1,1,0,1
534,2,195,4,0,1,4,0,0,617,54300,0,0,0,0,0,0,0,1,0,1,0
535,0,402,8,0,2,2,0,5,617,67750,0,0,0,0,0,1,0,1,0,0,1
536,0,329,6,0,2,4,0,0,617,63100,0,0,0,0,0,0,0,1,1,0,1
537,0,302,6,0,1,4,0,6,617,59900,0,0,0,0,0,0,0,1,1,0,1
538,2,195,4,0,1,4,0,0,617,55150,0,0,0,0,0,0,0,1,0,1,0
539,0,329,6,0,2,2,0,4,617,54200,0,0,0,0,0,0,0,1,1,0,1
540,0,329,6,0,2,2,0,5,617,62250,0,0,0,0,0,0,0,1,1,0,1
541,0,329,6,0,2,2,0,5,617,62600,0,0,0,0,0,0,0,1,1,0,1
542,0,241,4,0,1,4,0,0,617,54650,0,0,0,0,0,0,0,1,0,1,0
543,0,329,6,0,1,2,0,4,617,57050,0,0,0,0,0,0,0,1,1,0,1
544,3,115,0,3,0,4,1,3,873,33450,0,0,0,0,1,0,0,0,0,1,0
545,3,115,0,3,0,4,1,3,873,28995,0,0,0,0,1,0,0,0,0,1,0
546,0,162,4,0,0,2,1,5,436,27799,1,0,0,0,0,0,0,0,0,0,1
547,0,265,6,0,0,2,1,5,436,32599,0,0,0,0,0,0,0,0,1,0,1
548,0,162,4,0,0,2,1,5,436,28299,1,0,0,0,0,0,0,0,0,0,1
549,0,162,4,0,0,2,1,3,436,24699,0,0,0,0,1,0,0,0,0,0,1
550,0,162,4,0,0,2,1,3,436,24699,0,0,0,0,1,0,0,0,0,0,1
551,0,162,4,1,0,2,1,3,436,19499,0,0,0,0,1,0,0,0,0,0,1
552,0,245,4,0,1,4,0,1,5657,30095,0,1,0,0,0,0,0,0,0,0,1
553,0,245,4,0,0,4,0,1,5657,28700,0,1,0,0,0,0,0,0,0,0,1
554,0,245,4,0,0,4,0,1,5657,28950,0,1,0,0,0,0,0,0,0,0,1
555,0,145,4,0,0,2,1,4,1439,18595,1,0,0,0,0,0,0,0,0,1,0
556,0,148,4,1,0,2,1,4,1439,19895,1,0,0,0,0,0,0,0,0,1,0
557,0,166,4,0,0,2,1,4,1439,19600,1,0,0,0,0,0,0,0,0,1,0
558,0,173,4,0,0,4,1,3,1439,19800,0,0,0,0,1,0,0,0,1,1,0
559,0,173,4,1,0,4,1,3,1439,18800,0,0,0,0,1,0,0,0,1,1,0
560,0,173,4,1,0,4,1,3,1439,18800,0,0,0,0,1,0,0,0,1,1,0
561,0,138,4,0,0,4,1,3,1439,17195,0,0,0,0,1,0,0,0,0,1,0
562,0,138,4,1,0,4,1,3,1439,15995,0,0,0,0,1,0,0,0,0,1,0
563,0,138,4,0,0,4,1,3,1439,17195,0,0,0,0,1,0,0,0,0,1,0
564,0,173,4,0,0,4,1,0,1439,22600,1,0,0,0,0,0,0,0,0,1,0
565,0,145,4,1,0,4,1,0,1439,17250,1,0,0,0,0,0,0,0,0,1,0
566,0,173,4,0,0,4,1,0,1439,21250,0,0,0,0,0,0,0,0,1,1,0
567,0,147,4,0,0,4,1,0,1439,18150,1,0,0,0,0,0,0,0,0,1,0
568,0,128,4,2,0,4,1,0,1439,20650,1,0,0,0,0,0,0,0,0,1,0
569,0,166,4,0,1,4,1,1,2202,23885,0,1,0,0,0,0,0,0,0,0,1
570,0,166,4,0,1,4,1,1,2202,24185,0,1,0,0,0,0,0,0,0,0,1
571,0,189,4,1,2,2,1,5,613,47250,0,0,1,0,0,1,0,0,0,0,1
572,0,189,4,1,2,2,1,5,613,51845,0,0,1,0,0,1,0,0,0,0,1
573,0,288,6,0,1,4,0,1,155,49305,0,1,0,0,0,0,0,0,0,0,1
574,0,288,6,0,0,4,0,1,155,43660,0,1,0,0,0,0,0,0,0,0,1
575,0,288,6,0,0,4,0,1,155,39065,0,1,0,0,0,0,0,0,0,0,1
576,0,138,4,0,1,4,1,1,155,29450,0,1,0,0,0,0,0,0,0,1,0
577,0,138,4,0,1,4,1,1,155,31285,0,1,0,0,0,0,0,0,0,1,0
578,0,138,4,0,1,4,1,1,155,31965,0,1,0,0,0,0,0,0,0,1,0
579,0,225,6,0,0,4,0,1,436,29999,0,1,0,0,0,0,0,0,0,0,1
580,0,225,6,0,0,4,0,1,436,28299,0,1,0,0,0,0,0,0,0,0,1
581,0,252,4,0,1,4,0,1,155,42070,0,1,0,0,0,0,0,0,0,0,1
582,1,197,4,0,1,4,0,1,155,39570,0,1,0,0,0,0,0,0,0,0,1
583,0,252,4,0,1,4,0,1,155,44960,0,1,0,0,0,0,0,0,0,0,1
584,0,200,4,2,0,2,1,5,873,38325,1,0,0,0,0,0,0,0,0,1,0
585,0,200,4,2,0,2,1,5,873,39545,1,0,0,0,0,0,0,0,0,1,0
586,0,200,4,2,0,2,1,5,873,31995,1,0,0,0,0,0,0,0,0,1,0
587,0,152,4,0,2,4,1,2,481,22075,1,0,0,0,0,0,0,0,0,0,1
588,0,261,6,0,3,4,1,2,481,25979,1,0,0,0,0,0,0,0,0,0,1
589,0,152,4,1,2,4,1,2,481,17595,1,0,0,0,0,0,0,0,0,0,1
590,0,152,4,1,2,4,1,2,481,19299,1,0,0,0,0,0,0,0,0,0,1
591,0,261,6,0,3,4,1,2,481,28699,1,0,0,0,0,0,0,0,0,0,1
592,0,182,4,0,1,4,1,1,1385,26270,0,1,0,0,0,0,0,0,0,0,1
593,0,182,4,0,0,4,1,1,1385,22600,0,1,0,0,0,0,0,0,0,1,0
594,0,182,4,0,0,4,1,1,1385,25510,0,1,0,0,0,0,0,0,0,1,0
595,0,429,8,0,2,4,2,0,1439,61250,0,0,0,0,0,1,0,1,0,0,1
596,0,429,8,0,2,4,2,0,1439,61500,0,0,0,0,0,1,0,1,0,0,1
597,0,429,8,0,2,4,2,0,1439,68750,0,0,0,0,0,1,0,1,0,0,1
598,0,200,4,0,0,4,0,0,454,40580,0,0,0,0,0,0,1,1,0,1,0
599,0,200,4,0,0,4,0,0,454,41020,0,0,0,0,0,0,1,1,0,1,0
600,0,200,4,0,0,4,0,0,454,41820,0,0,0,0,0,0,1,1,0,1,0
601,0,268,6,0,0,4,0,0,454,37700,0,0,0,0,0,0,0,1,1,0,1
602,0,268,6,0,0,4,0,0,454,38100,0,0,0,0,0,0,0,1,1,0,1
603,0,268,6,0,0,4,0,0,454,38900,0,0,0,0,0,0,0,1,1,0,1
604,1,420,8,0,3,4,2,1,1624,85795,0,0,0,0,0,0,0,1,1,0,1
605,0,420,8,0,2,4,2,1,1624,80045,0,0,0,0,0,0,0,1,1,0,1
606,0,420,8,0,3,4,2,1,1624,83995,0,0,0,0,0,0,0,1,1,0,1
607,1,403,8,0,1,4,2,2,1624,67350,0,1,0,0,0,0,0,1,1,0,1
608,1,403,8,0,1,4,2,2,1624,69640,0,1,0,0,0,0,0,1,1,0,1
609,1,403,8,0,1,4,2,2,1624,69640,0,1,0,0,0,0,0,1,1,0,1
610,0,332,8,0,3,4,2,1,1624,88435,0,0,0,0,0,0,1,1,0,0,1
611,0,332,8,0,3,4,2,1,1624,76400,0,0,0,0,0,0,1,1,0,0,1
612,0,332,8,0,2,4,2,1,1624,74425,0,0,0,0,0,0,1,1,0,0,1
613,1,420,8,0,2,4,2,1,1624,80195,0,0,0,0,0,0,0,1,1,0,1
614,0,420,8,0,2,4,2,1,1624,81545,0,0,0,0,0,0,0,1,1,0,1
615,0,420,8,0,2,4,2,1,1624,92195,0,0,0,0,0,0,0,1,1,0,1
616,0,177,4,0,1,4,1,1,5657,34120,0,1,0,0,0,0,1,0,0,1,0
617,0,177,4,0,0,4,1,1,5657,30570,0,1,0,0,0,0,1,0,0,1,0
618,0,178,4,0,0,4,1,1,5657,29735,0,1,0,0,0,0,0,0,0,1,0
619,0,178,4,0,1,4,1,1,5657,27540,0,1,0,0,0,0,0,0,0,1,0
620,0,168,4,0,0,4,1,1,5657,23600,0,1,0,0,0,0,0,0,0,0,1
621,0,400,6,1,2,2,1,4,613,91900,0,0,1,0,0,1,0,0,0,0,1
622,0,276,6,1,2,2,1,4,613,64000,0,0,1,0,0,1,0,0,0,0,1
623,0,276,6,1,2,2,1,4,613,66800,0,0,1,0,0,1,0,0,0,0,1
624,0,345,6,1,2,2,1,4,613,78750,0,0,1,0,0,1,0,0,0,0,1
625,0,297,6,0,2,4,0,1,190,33800,0,1,0,0,0,0,0,1,0,0,1
626,0,240,4,1,2,2,1,4,613,65690,0,0,1,0,0,1,0,0,0,0,1
627,0,240,4,1,2,2,1,4,613,65690,0,0,1,0,0,1,0,0,0,0,1
628,0,297,6,0,2,4,0,1,190,35200,0,1,0,0,0,0,0,1,0,0,1
629,0,297,6,0,2,4,0,1,190,38100,0,1,0,0,0,0,0,1,1,0,1
630,0,325,6,0,2,4,0,1,190,36900,0,1,0,0,0,0,0,1,0,0,1
631,0,365,6,0,3,4,2,1,5657,58185,1,0,0,0,0,0,0,0,0,0,1
632,0,365,6,0,2,4,2,1,5657,58021,1,0,0,0,0,0,0,0,0,0,1
633,0,210,6,0,2,4,1,2,5657,33065,0,1,0,0,0,0,0,0,0,0,1
634,1,290,6,0,0,4,0,1,5657,33000,0,1,0,0,0,0,0,0,1,0,1
635,0,365,6,0,1,4,0,1,5657,43100,0,1,0,0,0,0,0,0,1,0,1
636,1,290,6,0,1,4,0,1,5657,35400,0,1,0,0,0,0,0,0,0,0,1
637,0,365,6,0,1,4,0,1,5657,52970,0,1,0,0,0,0,0,0,0,0,1
638,0,365,6,0,1,4,0,1,5657,53235,0,1,0,0,0,0,0,0,1,0,1
639,1,290,6,0,1,4,0,1,5657,33310,0,1,0,0,0,0,0,0,0,0,1
640,0,325,6,0,3,4,2,2,5657,45090,0,0,0,0,0,0,0,0,0,0,1
641,1,282,6,0,2,4,2,2,5657,34205,0,0,0,0,0,0,0,0,0,0,1
642,1,282,6,0,3,2,2,2,5657,31185,0,0,0,0,0,0,0,0,0,0,1
643,0,325,6,0,2,4,2,2,5657,34165,0,0,0,0,0,0,0,0,0,0,1
644,0,325,6,0,2,4,2,2,5657,31710,0,0,0,0,0,0,0,0,0,0,1
645,1,385,8,0,3,4,2,2,5657,56260,0,0,0,0,0,0,0,0,0,0,1
646,0,731,12,2,2,2,0,4,2774,315888,0,0,1,0,0,1,0,0,0,0,1
647,0,731,12,2,2,2,0,4,2774,315888,0,0,1,0,0,1,0,0,0,0,1
648,0,731,12,2,2,2,0,4,2774,319995,0,0,1,0,0,1,0,0,0,0,1
649,0,651,12,2,1,2,2,4,2774,295000,0,0,1,0,0,1,0,0,0,0,1
650,0,651,12,2,1,2,2,4,2774,295000,0,0,1,0,0,1,0,0,0,0,1
651,0,651,12,2,1,2,2,4,2774,295000,0,0,1,0,0,1,0,0,0,0,1
652,0,120,4,1,0,4,1,0,5657,18405,1,0,0,0,0,0,0,0,0,1,0
653,0,197,4,1,0,4,1,3,5657,21435,0,0,0,1,1,0,0,0,1,1,0
654,0,120,4,1,0,4,1,3,5657,14880,0,0,0,0,1,0,0,0,0,1,0
655,0,120,4,1,0,4,1,0,5657,15810,1,0,0,0,0,0,0,0,0,1,0
656,0,120,4,1,0,4,1,3,5657,15660,0,0,0,0,1,0,0,0,0,1,0
657,0,120,4,1,0,4,1,0,5657,14130,1,0,0,0,0,0,0,0,0,1,0
658,3,123,0,3,0,4,1,3,2202,36625,0,0,0,0,1,0,0,0,0,1,0
659,3,123,0,3,0,4,1,3,2202,36625,0,0,0,0,1,0,0,0,0,1,0
660,0,130,4,1,0,4,1,3,2202,15650,0,0,0,0,1,0,0,0,0,1,0
661,0,130,4,0,0,4,1,3,2202,21165,0,0,0,0,1,0,0,0,0,1,0
662,0,130,4,0,0,4,1,3,2202,20265,0,0,0,0,1,0,0,0,0,1,0
663,0,260,6,0,3,4,0,1,2031,27705,1,0,0,0,0,0,0,0,0,0,1
664,0,260,6,0,2,4,0,1,2031,27030,1,0,0,0,0,0,0,0,0,0,1
665,0,260,6,0,3,4,0,1,2031,29270,1,0,0,0,0,0,0,0,0,0,1
666,0,287,6,0,0,4,2,6,5657,32100,0,1,0,0,0,0,0,0,0,0,1
667,0,365,6,0,1,4,2,6,5657,42600,0,1,0,0,0,0,0,0,0,0,1
668,0,365,6,0,1,4,2,6,5657,43030,0,1,0,0,0,0,0,0,0,0,1
669,1,616,12,0,1,4,2,0,520,200500,0,0,1,0,0,1,0,1,0,0,1
670,1,616,12,0,1,4,2,0,520,215800,0,0,1,0,0,1,0,1,0,0,1
671,0,500,8,0,1,4,2,0,520,195100,0,0,1,0,0,1,0,1,0,0,1
672,0,500,8,0,1,4,2,0,520,201000,0,0,1,0,0,1,0,1,0,0,1
673,0,350,4,1,1,4,1,3,5657,36120,0,0,0,1,1,1,0,0,0,0,1
674,0,252,4,1,0,4,1,3,5657,24370,0,0,0,1,1,0,0,0,1,1,0
675,0,252,4,1,0,4,1,3,5657,24425,0,0,0,1,1,0,0,0,1,1,0
676,0,252,4,1,0,4,1,3,5657,24775,0,0,0,1,1,0,0,0,1,1,0
677,1,160,4,1,0,4,1,0,5657,18460,0,0,0,0,0,0,0,0,0,1,0
678,1,160,4,1,0,4,1,3,5657,18960,0,0,0,0,1,0,0,0,0,1,0
679,3,178,0,3,0,4,1,3,5657,29170,0,0,0,0,1,0,0,0,0,1,0
680,1,160,4,1,0,4,1,0,5657,18515,0,0,0,0,0,0,0,0,0,1,0
681,1,160,4,2,0,4,1,3,5657,23725,0,0,0,0,1,0,0,0,0,1,0
682,3,178,0,3,0,4,1,3,5657,29170,0,0,0,0,1,0,0,0,0,1,0
683,1,160,4,2,0,4,1,3,5657,21675,0,0,0,0,1,0,0,0,0,1,0
684,0,123,3,1,0,4,1,0,5657,18175,1,0,0,0,0,0,0,0,0,1,0
685,1,160,4,1,0,4,1,0,5657,16775,0,0,0,0,0,0,0,0,0,1,0
686,3,178,0,3,0,4,1,3,5657,29120,0,0,0,0,1,0,0,0,0,1,0
687,0,250,4,0,1,4,0,1,640,33095,0,1,0,0,0,0,0,0,0,1,0
688,0,170,4,1,1,4,0,1,640,24595,0,1,0,0,0,0,0,0,0,1,0
689,0,170,4,0,1,4,0,1,640,28795,0,1,0,0,0,0,0,0,0,1,0
690,0,250,4,0,1,4,0,1,640,34295,0,1,0,0,0,0,0,0,0,1,0
691,0,170,4,1,1,4,0,1,640,25495,0,1,0,0,0,0,0,0,0,1,0
692,0,173,4,0,0,2,1,4,1720,19590,1,0,0,0,0,0,0,0,0,1,0
693,0,173,4,0,0,4,1,0,1720,19390,1,0,0,0,0,0,0,0,0,1,0
694,0,201,4,1,0,4,1,3,1720,20890,0,0,0,0,1,0,0,0,1,0,1
695,0,145,4,1,0,4,1,0,1720,15890,1,0,0,0,0,0,0,0,0,1,0
696,0,201,4,1,0,2,1,4,1720,20690,0,0,0,0,0,0,0,0,1,1,0
697,0,145,4,1,0,4,1,0,1720,15990,1,0,0,0,0,0,0,0,0,1,0
698,0,201,4,0,0,4,1,3,1720,21990,0,0,0,0,1,0,0,0,1,0,1
699,0,147,4,0,0,4,1,0,1720,17500,1,0,0,0,0,0,0,0,0,1,0
700,0,164,4,0,0,4,1,3,1720,18090,0,0,0,0,1,0,0,0,0,1,0
701,0,201,4,1,0,4,1,3,1720,25890,0,0,0,0,1,0,0,0,1,1,0
702,0,261,6,0,2,4,1,2,2009,32560,1,0,0,0,0,0,0,0,0,0,1
703,0,261,6,0,3,4,1,2,2009,26750,1,0,0,0,0,0,0,0,0,0,1
704,0,261,6,0,2,4,1,2,2009,25750,1,0,0,0,0,0,0,0,0,0,1
705,0,188,4,0,0,4,0,0,5657,27380,0,0,0,0,0,0,1,0,0,1,0
706,0,188,4,0,0,4,0,0,5657,31430,0,0,0,0,0,0,1,0,0,1,0
707,0,188,4,0,0,4,0,0,5657,37020,0,0,0,0,0,0,1,0,0,1,0
708,0,231,4,0,1,4,0,0,5657,27830,1,0,0,0,0,0,0,0,0,1,0
709,0,231,4,0,0,4,0,0,5657,31270,0,0,0,0,0,0,0,0,1,1,0
710,0,231,4,0,0,4,0,0,5657,30610,0,0,0,0,0,0,0,0,1,0,1
711,0,303,6,0,2,4,0,1,190,42850,0,1,0,0,0,0,0,1,0,0,1
712,0,390,8,0,1,4,0,1,190,59000,0,1,0,0,0,1,0,1,0,0,1
713,0,303,6,0,1,4,0,1,190,44050,0,1,0,0,0,0,0,1,0,0,1
714,0,303,6,0,2,4,0,1,190,43700,0,1,0,0,0,0,0,1,0,0,1
715,0,325,6,0,1,4,0,1,190,53400,0,1,0,0,0,0,0,1,1,0,1
716,0,382,8,0,3,4,0,1,617,115400,0,0,0,0,0,0,0,1,0,0,1
717,0,416,8,0,3,4,0,1,617,119900,0,0,0,0,0,0,0,1,0,0,1
718,0,325,6,1,2,2,0,5,190,50200,0,0,0,0,0,0,0,1,1,0,1
719,0,325,6,1,2,2,0,5,190,51300,0,0,0,0,0,0,0,1,1,0,1
720,0,343,6,0,2,2,0,5,190,61450,0,0,0,1,0,0,0,1,1,0,1
721,0,325,6,1,2,2,0,5,190,52750,0,0,0,0,0,0,0,1,1,0,1
722,0,330,6,0,2,2,0,4,190,38600,0,0,0,0,0,0,0,1,1,0,1
723,0,348,6,0,2,2,0,4,190,51700,0,0,0,1,0,1,0,1,0,0,1
724,0,330,6,1,2,2,0,4,190,45500,0,0,0,0,0,1,0,1,0,0,1
725,0,328,6,0,1,4,0,0,190,41550,0,0,0,0,0,0,0,1,0,0,1
726,0,328,6,1,2,4,0,0,190,41500,0,0,0,0,0,1,0,1,0,0,1
727,0,328,6,1,2,4,0,0,190,37150,0,0,0,0,0,1,0,1,0,0,1
728,0,325,6,1,2,2,0,5,190,46950,0,0,0,0,0,0,0,1,1,0,1
729,0,330,6,0,2,2,0,4,190,37500,0,0,0,0,0,0,0,1,1,0,1
730,0,328,6,0,2,4,0,0,190,43350,0,0,0,0,0,1,0,1,0,0,1
731,0,164,4,0,0,4,0,0,210,21275,1,0,0,0,0,0,0,0,0,1,0
732,0,311,6,0,2,4,2,0,21,41400,0,0,0,0,0,0,0,1,1,0,1
733,0,160,4,0,0,4,0,0,436,21599,1,0,0,0,0,0,0,0,0,0,1
734,0,160,4,0,0,4,0,0,436,21599,1,0,0,0,0,0,0,0,0,0,1
735,0,160,4,0,0,4,0,0,436,21899,1,0,0,0,0,0,0,0,0,0,1
736,0,570,10,1,1,2,1,5,1158,248000,0,0,1,1,0,1,0,0,0,0,1
737,0,550,10,1,2,2,1,4,1158,187900,0,0,1,0,0,1,0,0,0,0,1
738,0,560,10,2,1,2,1,4,1158,202000,0,0,1,0,0,1,0,0,0,0,1
739,0,560,10,2,1,2,1,5,1158,225400,0,0,1,0,0,1,0,0,0,0,1
740,0,550,10,1,2,2,1,4,1158,191900,0,0,1,0,0,1,0,0,0,0,1
741,0,550,10,1,2,2,1,5,1158,209500,0,0,1,0,0,1,0,0,0,0,1
742,0,550,10,2,2,2,1,5,1158,209500,0,0,1,0,0,1,0,0,0,0,1
743,0,550,10,2,2,2,1,4,1158,191900,0,0,1,0,0,1,0,0,0,0,1
744,0,570,10,1,1,2,1,5,1158,251600,0,0,1,1,0,1,0,0,0,0,1
745,0,348,6,1,2,2,0,4,1439,29350,0,0,0,0,0,1,0,0,0,0,1
746,0,348,6,0,2,2,0,4,1439,27950,0,0,0,0,0,1,0,0,0,0,1
747,0,348,6,1,2,2,0,4,1439,26950,0,0,0,0,0,1,0,0,0,0,1
748,0,333,6,0,2,4,2,0,1439,35200,0,0,0,0,0,0,0,1,0,0,1
749,0,420,8,0,2,4,2,0,1439,51500,0,0,0,0,0,1,0,1,0,0,1
750,0,311,6,0,1,4,2,0,1439,41250,0,0,0,0,0,0,0,1,1,0,1
751,0,404,6,0,1,4,0,0,238,77900,0,0,1,0,0,1,0,1,0,0,1
752,0,404,6,0,2,4,0,0,238,76050,0,0,1,0,0,1,0,1,0,0,1
753,0,404,6,0,2,4,0,0,238,77200,0,0,1,0,0,1,0,1,0,0,1
754,0,563,12,0,2,4,2,0,86,286750,0,0,1,0,0,0,0,1,1,0,1
755,0,563,12,0,2,4,2,0,86,295850,0,0,1,0,0,0,0,1,1,0,1
756,0,563,12,0,2,4,2,0,86,250000,0,0,1,0,0,0,0,1,1,0,1
757,0,563,12,0,2,4,2,0,86,296000,0,0,1,0,0,0,0,1,1,0,1
758,0,563,12,0,2,4,2,0,86,263200,0,0,1,0,0,0,0,1,1,0,1
759,2,240,6,0,1,4,2,1,617,63000,0,1,0,0,0,0,0,1,0,0,1
760,0,362,8,0,1,4,2,1,617,64550,0,1,0,0,0,0,0,1,0,0,1
761,0,550,8,0,1,4,2,1,617,119450,0,1,0,1,0,1,0,1,0,0,1
762,2,240,6,0,1,4,2,1,617,63600,0,1,0,0,0,0,0,1,0,0,1
763,0,429,8,0,1,4,2,1,617,89950,0,1,0,0,0,0,0,1,1,0,1
764,2,240,6,0,1,4,2,1,617,63600,0,1,0,0,0,0,0,1,0,0,1
765,0,208,4,2,0,4,1,1,617,31300,0,1,0,0,0,0,0,1,0,1,0
766,0,375,4,2,1,4,1,1,617,49580,0,1,0,1,0,1,0,1,0,1,0
767,0,375,4,0,1,4,1,1,617,49900,0,1,0,1,0,1,0,1,0,1,0
768,0,241,4,0,2,4,0,1,617,38950,0,1,0,0,0,0,0,1,0,1,0
769,0,241,4,0,2,4,0,1,617,39150,0,1,0,0,0,0,0,1,0,1,0
770,0,362,6,0,1,4,0,1,617,65100,0,1,0,0,0,0,0,1,1,0,1
771,0,362,6,0,1,4,0,1,617,69650,0,1,0,1,0,0,0,1,1,0,1
772,0,329,6,0,1,4,0,1,617,64600,0,1,0,0,0,0,0,1,1,0,1
773,2,201,4,0,1,4,0,1,617,52500,0,1,0,0,0,0,0,1,0,1,0
774,0,577,8,0,1,4,0,1,617,108840,0,1,0,1,0,1,0,1,0,0,1
775,0,200,4,2,0,4,0,0,873,26895,0,0,0,0,0,0,0,0,1,1,0
776,0,302,6,0,2,4,0,1,617,37090,0,1,0,0,0,0,0,1,1,0,1
777,2,200,4,0,1,4,0,1,617,38590,0,1,0,0,0,0,0,1,0,1,0
778,2,200,4,0,1,4,0,1,617,38980,0,1,0,0,0,0,0,1,0,1,0
779,0,302,6,0,1,4,0,1,617,39480,0,1,0,0,0,0,0,1,0,0,1
780,0,302,6,0,2,4,0,1,617,37900,0,1,0,0,0,0,0,1,1,0,1
781,2,200,4,0,1,4,0,1,617,39400,0,1,0,0,0,0,0,1,0,1,0
782,0,577,8,0,1,4,2,1,617,124100,0,1,0,1,0,1,0,1,0,0,1
783,0,170,4,2,1,4,1,6,873,26950,0,1,0,0,0,0,0,0,0,1,0
784,0,220,4,1,0,2,1,3,873,29280,0,0,0,0,1,0,0,0,1,1,0
785,0,220,4,2,0,2,1,3,873,30620,0,0,0,0,1,0,0,0,1,1,0
786,0,210,4,1,0,4,1,3,873,25595,0,0,0,0,1,0,0,0,1,1,0
787,0,220,4,2,0,4,1,3,873,35195,0,0,0,0,1,0,0,0,1,1,0
788,0,210,4,1,0,4,1,3,873,25595,0,0,0,0,1,0,0,0,1,1,0
789,0,292,4,2,1,4,1,3,873,39090,0,0,0,1,1,1,0,0,0,1,0
790,0,292,4,2,1,4,1,3,873,36750,0,0,0,1,1,1,0,0,0,1,0
791,0,292,4,2,1,4,1,3,873,36755,0,0,0,1,1,1,0,0,0,1,0
792,2,150,4,2,0,4,1,6,873,31445,0,0,0,0,0,0,0,0,0,1,0
793,0,170,4,0,0,4,1,6,873,22495,1,0,0,0,0,0,0,0,0,1,0
794,0,170,4,0,0,4,1,6,873,24995,1,0,0,0,0,0,0,0,0,1,0
795,0,170,4,0,0,4,1,6,873,22680,1,0,0,0,0,0,0,0,0,1,0
796,2,150,4,2,0,4,1,3,873,26995,0,0,0,0,1,0,0,0,0,1,0
797,0,170,4,1,0,2,1,3,873,19295,0,0,0,0,1,0,0,0,0,1,0
798,0,170,4,0,0,2,1,3,873,20675,0,0,0,0,1,0,0,0,0,1,0
799,0,170,4,0,0,4,1,3,873,20995,0,0,0,0,1,0,0,0,0,1,0
800,1,283,6,0,0,4,0,7,1851,30995,0,0,0,0,0,0,0,0,0,0,1
801,1,283,6,0,0,4,0,7,1851,25095,0,0,0,0,0,0,0,0,0,0,1
802,0,283,6,0,0,4,0,7,1851,29395,1,0,0,0,0,0,0,0,0,0,1
803,0,166,4,0,2,4,1,1,481,23449,0,1,0,0,0,0,0,0,0,0,1
804,0,166,4,0,3,4,1,1,481,23949,0,1,0,0,0,0,0,0,0,0,1
805,0,166,4,0,3,4,1,1,481,23799,0,1,0,0,0,0,0,0,0,0,1
806,0,454,8,0,2,2,0,5,238,143300,0,0,1,0,0,1,0,1,0,0,1
807,0,454,8,0,2,2,0,5,238,161070,0,0,1,1,0,1,0,1,0,0,1
808,0,454,8,0,2,2,0,5,238,161070,0,0,1,1,0,1,0,1,0,0,1
809,0,454,8,0,2,2,2,4,238,143400,0,0,1,1,0,1,0,1,0,0,1
810,0,454,8,0,2,2,2,4,238,132825,0,0,1,0,0,1,0,1,0,0,1
811,0,454,8,0,2,2,2,4,238,150570,0,0,1,1,0,1,0,1,0,0,1
812,0,241,4,0,2,4,0,0,454,53285,0,0,0,0,0,0,0,1,0,0,1
813,0,241,4,0,2,4,0,0,454,46310,0,0,0,0,0,0,0,1,0,1,0
814,0,306,6,0,2,4,0,0,454,55070,0,0,0,0,0,0,0,1,1,0,1
815,0,311,6,0,2,4,0,0,454,50000,0,0,0,0,0,1,0,1,0,0,1
816,0,311,6,0,2,4,0,0,454,50695,0,0,0,0,0,1,0,1,0,0,1
817,0,338,6,0,2,4,0,0,454,60430,0,0,0,0,0,0,1,1,1,1,0
818,0,338,6,0,2,4,0,0,454,61330,0,0,0,0,0,0,1,1,1,1,0
819,0,338,6,0,2,4,0,0,454,63080,0,0,0,0,0,0,1,1,1,1,0
820,0,342,8,0,2,4,0,0,454,54070,0,0,0,0,0,1,0,1,0,0,1
821,0,342,8,0,2,4,0,0,454,55370,0,0,0,0,0,1,0,1,0,0,1
822,0,467,8,0,2,4,0,0,454,84440,0,0,0,1,0,1,0,1,0,0,1
823,0,545,6,2,1,2,0,4,2009,111510,0,0,0,0,0,1,0,0,0,0,1
824,0,545,6,2,1,2,0,4,2009,111510,0,0,0,0,0,1,0,0,0,0,1
825,0,565,6,2,1,2,0,4,2009,109990,0,0,0,0,0,1,0,0,0,0,1
826,0,200,4,1,0,2,1,3,873,26275,0,0,0,0,1,0,0,0,1,0,1
827,0,200,4,2,0,4,1,3,873,29895,0,0,0,0,1,0,0,0,1,1,0
828,0,200,4,2,0,4,1,3,873,26195,0,0,0,0,1,0,0,0,1,1,0
829,0,301,8,0,3,4,0,1,454,49485,0,0,0,0,0,0,0,1,0,0,1
830,0,301,8,0,3,4,0,1,454,50780,0,0,0,0,0,0,0,1,0,0,1
831,0,301,8,0,3,4,0,1,454,51280,0,0,0,0,0,0,0,1,0,0,1
832,1,300,8,0,3,4,0,1,130,41705,0,0,0,0,0,0,0,1,0,0,1
833,0,239,5,1,3,4,0,1,130,33390,0,0,0,0,0,0,0,1,0,0,1
834,1,300,8,0,3,4,1,2,130,39205,0,1,0,0,0,0,0,1,0,0,1
835,0,239,5,1,3,4,1,2,130,30915,0,1,0,0,0,0,0,1,0,0,1
836,1,155,4,1,0,4,1,6,1385,20030,0,0,0,0,0,0,0,0,0,1,0
837,0,260,4,1,0,4,1,6,1385,26255,0,0,0,1,0,0,0,0,1,0,1
838,1,155,4,1,0,4,1,6,1385,18720,0,0,0,0,0,0,0,0,0,1,0
839,0,280,6,0,1,4,0,1,2031,47300,0,1,0,0,0,0,1,0,0,1,0
840,0,280,6,0,1,4,0,1,2031,47850,0,1,0,0,0,0,1,0,0,1,0
841,0,280,6,0,1,4,0,1,2031,50485,0,1,0,0,0,0,1,0,0,1,0
842,0,270,6,0,1,4,0,1,2031,34750,0,1,0,0,0,0,0,0,0,0,1
843,0,270,6,0,0,4,0,1,2031,34395,0,1,0,0,0,0,0,0,0,0,1
844,0,141,4,0,0,4,1,1,2202,22065,0,1,0,0,0,0,0,0,0,1,0
845,0,141,4,0,0,4,1,1,2202,22215,0,1,0,0,0,0,0,0,0,1,0
846,0,187,4,0,0,4,0,0,454,34650,0,0,0,0,0,0,1,1,0,1,0
847,0,187,4,0,0,4,0,0,454,39100,0,0,0,0,0,0,1,1,0,1,0
848,0,187,4,0,0,4,0,0,454,39800,0,0,0,0,0,0,1,1,0,1,0
849,0,610,10,2,1,2,1,4,1158,237250,0,0,1,0,0,1,0,0,0,0,1
850,0,610,10,2,1,2,1,4,1158,238500,0,0,1,0,0,1,0,0,0,0,1
851,0,610,10,2,1,2,1,5,1158,262350,0,0,1,0,0,1,0,0,0,0,1
852,3,63,0,3,2,4,1,3,436,22995,0,0,0,0,1,0,0,0,0,1,0
853,3,66,0,3,2,4,1,3,436,22995,0,0,0,0,1,0,0,0,0,1,0
854,3,66,0,3,2,4,1,3,436,22995,0,0,0,0,1,0,0,0,0,1,0
855,3,170,0,3,2,4,1,3,3916,42400,0,0,0,0,1,0,0,1,0,1,0
856,3,170,0,3,2,4,1,3,3916,42400,0,0,0,0,1,0,0,1,0,1,0
857,3,170,0,3,2,4,1,3,3916,42400,0,0,0,0,1,0,0,1,0,1,0
858,0,111,4,0,0,4,1,0,204,28900,0,0,0,0,0,0,1,1,0,1,0
859,0,201,4,1,0,4,1,0,204,29350,0,0,0,0,0,0,0,1,1,1,0
860,0,150,4,0,0,4,1,0,204,31750,0,0,0,0,0,0,0,1,0,1,0
861,0,201,4,2,0,4,1,0,204,34890,0,0,0,0,0,0,0,1,0,1,0
862,0,201,4,2,0,4,1,0,204,32990,0,0,0,0,0,0,0,1,0,1,0
863,1,300,6,0,0,4,2,0,1385,26840,0,0,0,0,0,0,0,0,0,0,1
864,1,300,6,0,0,4,2,0,1385,26840,0,0,0,0,0,0,0,0,0,0,1
865,1,300,6,0,0,4,2,0,1385,26840,0,0,0,0,0,0,0,0,0,0,1
866,0,195,4,0,0,4,2,0,1385,34465,1,0,0,0,0,0,0,0,0,0,1
867,1,305,6,0,0,4,2,0,1385,35440,0,0,0,0,0,0,0,0,1,0,1
868,1,305,6,0,0,4,2,0,1385,35540,0,0,0,0,0,0,0,0,1,0,1
869,0,195,4,0,0,4,2,0,1385,27095,1,0,0,0,0,0,0,0,0,1,0
870,1,305,6,0,0,4,2,0,1385,35645,0,0,0,0,0,0,0,0,1,0,1
871,0,265,4,1,1,4,1,3,640,28295,0,0,0,0,1,0,0,0,1,0,1
872,0,265,4,1,1,4,1,0,640,29295,0,0,0,0,0,0,0,0,1,0,1
873,0,265,4,1,1,4,1,3,640,28495,0,0,0,0,1,0,0,0,1,0,1
874,0,305,4,1,1,4,1,0,640,34495,0,0,0,1,0,1,0,0,0,0,1
875,0,148,4,0,1,4,1,3,640,21495,0,0,0,0,1,0,0,0,0,1,0
876,0,148,4,0,1,4,1,0,640,20995,1,0,0,0,0,0,0,0,0,1,0
877,0,148,4,1,1,4,1,0,640,18295,1,0,0,0,0,0,0,0,0,1,0
878,0,148,4,1,1,4,1,3,640,21095,0,0,0,0,1,0,0,0,0,1,0
879,0,152,4,1,1,4,0,0,640,18395,1,0,0,0,0,0,0,0,0,1,0
880,0,152,4,1,1,4,1,3,640,18895,0,0,0,0,1,0,0,0,0,1,0
881,0,98,4,0,0,4,1,3,2202,23690,0,0,0,0,1,0,1,0,0,1,0
882,0,98,4,0,0,4,1,3,2202,22065,0,0,0,0,1,0,1,0,0,1,0
883,0,98,4,0,0,4,1,3,2202,22190,0,0,0,0,1,0,1,0,0,1,0
884,0,241,4,0,2,4,0,0,454,37325,0,0,0,0,0,0,0,1,0,1,0
885,0,241,4,0,2,4,0,0,454,37825,0,0,0,0,0,0,0,1,0,1,0
886,0,204,6,0,2,2,1,5,454,42610,0,0,0,0,0,0,0,1,0,0,1
887,0,204,6,0,2,2,1,5,454,42860,0,0,0,0,0,0,0,1,0,0,1
888,0,204,6,0,2,2,1,5,454,43360,0,0,0,0,0,0,0,1,0,0,1
889,0,204,6,0,2,4,0,0,454,35065,0,0,0,0,0,0,0,1,0,0,1
890,0,204,6,0,2,4,0,0,454,36100,0,0,0,0,0,0,0,1,0,0,1
891,0,204,6,0,2,4,0,0,454,36550,0,0,0,0,0,0,0,1,0,0,1
892,0,255,6,0,1,4,0,0,454,39700,0,0,0,0,0,0,0,1,1,0,1
893,0,255,6,0,1,4,0,0,454,40200,0,0,0,0,0,0,0,1,1,0,1
894,0,306,6,0,2,2,1,5,454,46890,0,0,0,0,0,0,0,1,1,0,1
895,0,306,6,0,2,2,1,5,454,47140,0,0,0,0,0,0,0,1,1,0,1
896,0,306,6,0,2,2,1,5,454,47640,0,0,0,0,0,0,0,1,1,0,1
897,0,306,6,0,2,4,0,0,454,39615,0,0,0,0,0,1,0,1,0,0,1
898,0,306,6,0,2,4,0,0,454,40065,0,0,0,0,0,1,0,1,0,0,1
899,0,306,6,0,1,4,0,0,454,43035,0,0,0,0,0,0,0,1,1,0,1
900,0,416,8,0,2,4,0,0,454,61300,0,0,0,1,0,1,0,1,0,0,1
901,0,416,8,0,2,4,0,0,454,61750,0,0,0,1,0,1,0,1,0,0,1
902,0,416,8,0,2,4,0,0,454,63600,0,0,0,1,0,1,0,1,0,0,1
903,0,210,4,2,0,4,0,0,873,25270,0,0,0,0,0,0,0,0,1,1,0
904,0,200,4,1,0,4,0,0,873,26195,0,0,0,0,0,0,0,0,1,1,0
905,0,210,4,1,0,4,0,0,873,24535,0,0,0,0,0,0,0,0,1,1,0
906,0,170,4,2,0,4,0,0,873,26990,0,0,0,0,0,0,1,0,0,1,0
907,0,170,4,2,0,4,0,0,873,31895,0,0,0,0,0,0,1,0,0,1,0
908,0,170,5,0,0,4,1,6,873,24210,1,0,0,0,0,0,0,0,0,1,0
909,2,140,4,1,0,4,1,6,873,28120,0,0,0,0,0,0,0,0,0,1,0
910,0,170,5,0,0,4,1,6,873,21695,1,0,0,0,0,0,0,0,0,1,0
911,2,140,4,2,0,4,1,6,873,29495,0,0,0,0,0,0,0,0,0,1,0
912,0,170,5,1,0,4,1,6,873,20995,1,0,0,0,0,0,0,0,0,1,0
913,2,140,4,2,0,4,1,6,873,27665,0,0,0,0,0,0,0,0,0,1,0
914,0,170,4,0,0,4,0,0,873,22325,1,0,0,0,0,0,0,0,0,1,0
915,0,210,4,1,0,4,0,0,873,29280,0,0,0,1,0,0,0,0,1,1,0
916,2,150,4,2,0,4,0,0,873,25175,0,0,0,0,0,0,0,0,0,1,0
917,0,150,4,0,0,4,0,0,873,22325,1,0,0,0,0,0,0,0,0,1,0
918,0,210,4,1,0,4,0,0,873,29280,0,0,0,1,0,0,0,0,1,1,0
919,0,170,4,2,0,4,0,0,873,31120,0,0,0,0,0,0,1,0,0,1,0
920,0,210,4,2,0,4,0,0,873,28995,0,0,0,1,0,0,0,0,1,1,0
921,0,150,4,0,0,4,0,0,873,21995,1,0,0,0,0,0,0,0,0,1,0
922,0,283,6,0,1,4,0,1,1851,33295,0,1,0,0,0,0,0,0,0,0,1
923,0,173,4,0,0,4,0,1,1851,27395,0,1,0,0,0,0,0,0,0,0,1
924,1,283,6,0,0,4,0,1,1851,31795,0,1,0,0,0,0,0,0,0,0,1
925,0,173,4,0,0,4,0,1,1851,20995,0,1,0,0,0,0,0,0,0,0,1
926,1,283,6,0,0,4,0,1,1851,31795,0,1,0,0,0,0,0,0,0,0,1
927,0,188,4,0,0,4,1,3,2009,25240,0,1,0,0,1,0,0,0,0,1,0
928,0,215,4,1,0,4,1,3,2009,28020,0,1,0,1,1,0,0,0,1,1,0
929,0,188,4,1,0,4,1,3,2009,24830,0,1,0,0,1,0,0,0,1,1,0
930,0,215,4,1,0,4,1,3,2009,28020,0,1,0,1,1,0,0,0,1,1,0
931,0,211,4,0,1,4,1,3,2009,30020,0,1,0,1,1,0,0,0,1,1,0
932,0,265,6,0,0,4,2,1,190,41250,0,1,0,0,0,0,0,1,0,0,1
933,0,420,8,0,2,4,2,0,1720,59900,0,0,0,0,0,1,0,1,0,0,1
934,0,311,6,0,2,4,2,0,1720,49000,0,0,0,0,0,0,0,1,0,0,1
935,0,180,4,0,0,4,0,0,481,21049,1,0,0,0,0,0,0,0,0,1,0
936,0,185,4,1,0,4,0,0,481,24849,1,0,0,0,0,0,0,0,0,0,1
937,0,180,4,0,0,4,0,0,481,23899,1,0,0,0,0,0,0,0,0,1,0
938,0,185,4,1,0,4,0,0,481,18999,1,0,0,0,0,0,0,0,0,0,1
939,0,180,4,0,0,4,0,0,481,25799,1,0,0,0,0,0,0,0,0,1,0
940,0,185,4,1,0,4,0,0,481,19999,1,0,0,0,0,0,0,0,0,0,1
941,0,182,4,0,0,4,2,0,155,35725,0,0,0,0,0,0,1,0,0,1,0
942,1,304,6,0,0,4,2,0,155,31065,0,0,0,0,0,0,0,0,0,0,1
943,1,304,6,0,0,4,2,0,155,34065,0,0,0,0,0,0,0,0,1,0,1
944,0,310,6,0,0,4,2,0,155,36065,0,0,0,0,0,0,0,0,1,0,1
945,0,291,4,2,1,4,1,0,436,37895,0,0,0,1,0,0,0,0,1,0,1
946,0,291,4,2,1,4,1,0,436,38195,0,0,0,1,0,0,0,0,1,0,1
947,0,303,4,1,1,4,1,0,436,37995,0,0,0,1,0,1,0,0,0,0,1
948,0,291,4,2,1,4,1,0,436,38995,0,0,0,1,0,0,0,0,1,0,1
949,0,168,4,0,0,4,1,3,436,21345,0,0,0,0,1,0,0,0,0,1,0
950,0,148,4,0,0,4,1,3,436,18495,0,0,0,0,1,0,0,0,0,1,0
951,0,168,4,0,0,4,1,3,436,21945,0,0,0,0,1,0,0,0,0,1,0
952,0,148,4,1,0,4,1,0,436,17395,1,0,0,0,0,0,0,0,0,1,0
953,0,237,4,2,1,4,1,0,436,29495,0,0,0,0,0,0,0,0,1,0,1
954,0,168,4,0,0,4,1,0,436,21595,1,0,0,0,0,0,0,0,0,1,0
955,0,148,4,0,0,4,1,0,436,18595,1,0,0,0,0,0,0,0,0,1,0
956,0,168,4,0,1,4,1,0,436,20295,1,0,0,0,0,0,0,0,0,1,0
957,0,148,4,1,0,4,1,0,436,17795,1,0,0,0,0,0,0,0,0,1,0
958,0,381,8,0,3,4,0,1,2031,80155,0,0,0,0,0,0,0,1,0,0,1
959,0,381,8,0,3,4,0,1,2031,83825,0,0,0,0,0,0,0,1,0,0,1
960,0,381,8,0,3,4,0,1,2031,84325,0,0,0,0,0,0,0,1,0,0,1
961,0,620,12,0,2,4,2,5,67,1380000,0,0,1,0,0,1,0,1,0,0,1
962,0,620,12,0,2,4,2,5,67,1382750,0,0,1,0,0,0,0,1,1,0,1
963,3,218,0,3,0,4,1,3,2009,35020,0,0,0,0,1,0,0,0,0,1,0
964,3,218,0,3,0,4,1,3,2009,32100,0,0,0,0,1,0,0,0,0,1,0
965,3,218,0,3,0,4,1,3,2009,29010,0,0,0,0,1,0,0,0,0,1,0
966,0,175,4,0,1,4,0,0,640,26495,1,0,0,0,0,0,0,0,0,1,0
967,0,175,4,0,1,4,0,0,640,21745,1,0,0,0,0,0,0,0,0,1,0
968,0,256,6,0,1,4,0,0,640,31640,0,0,0,0,0,0,0,0,1,0,1
969,0,424,6,0,1,4,2,1,238,83000,0,1,1,0,0,1,0,1,0,0,1
970,0,552,10,2,2,2,1,4,454,375000,0,0,1,0,0,1,0,1,0,0,1
971,0,240,4,0,1,4,1,1,258,36400,0,1,0,0,0,0,0,1,0,0,1
972,0,240,4,0,1,4,1,1,258,36600,0,1,0,0,0,0,0,1,0,0,1
973,0,240,4,0,1,4,1,1,258,36600,0,1,0,0,0,0,0,1,0,0,1
974,0,340,6,0,3,4,0,1,258,49700,0,0,0,0,0,0,0,1,0,0,1
975,0,340,6,0,3,4,0,1,258,60600,0,0,0,0,0,0,0,1,0,0,1
976,0,340,6,0,3,4,0,1,258,50400,0,0,0,0,0,0,0,1,0,0,1
977,0,360,8,0,1,4,2,0,454,82305,0,0,0,0,0,0,0,1,1,0,1
978,0,360,8,0,1,4,2,0,454,75465,0,0,0,0,0,0,0,1,1,0,1
979,0,359,8,0,1,4,2,0,454,82305,0,0,0,0,0,0,0,1,1,0,1
980,0,438,8,0,1,4,2,0,454,120060,0,0,0,0,0,1,1,1,0,0,1
981,0,438,8,0,1,4,2,0,454,120440,0,0,0,0,0,1,1,1,0,0,1
982,0,438,8,0,1,4,2,0,454,120440,0,0,0,0,0,1,1,1,0,0,1
983,1,227,6,0,0,4,2,0,155,35730,0,0,0,0,0,0,0,0,0,0,1
984,0,292,8,0,0,4,2,0,155,42515,0,0,0,0,0,0,0,0,1,0,1
985,1,227,6,0,0,4,2,0,155,29730,0,0,0,0,0,0,0,0,0,0,1
986,0,292,8,0,0,4,2,0,155,44460,0,0,0,0,0,0,0,0,1,0,1
987,0,383,8,0,3,4,0,1,454,83180,0,0,0,0,0,0,0,1,0,0,1
988,0,383,8,0,3,4,2,1,454,88880,0,0,0,0,0,0,0,1,0,0,1
989,0,383,8,0,3,4,2,1,454,89380,0,0,0,0,0,0,0,1,0,0,1
990,2,240,6,0,1,4,0,1,617,51270,0,1,0,0,0,0,0,1,0,0,1
991,0,518,8,0,1,4,0,1,617,96100,0,1,0,1,0,1,0,1,0,0,1
992,0,518,8,0,1,4,0,1,617,97250,0,1,0,1,0,1,0,1,0,0,1
993,2,240,6,0,1,4,0,1,617,51790,0,1,0,0,0,0,0,1,0,0,1
994,0,329,6,0,1,4,0,1,617,62900,0,1,0,0,0,0,0,1,1,0,1
995,2,240,4,0,1,4,0,1,617,49800,0,1,0,0,0,0,0,1,0,1,0
996,0,365,6,1,2,2,1,4,3916,51700,0,0,0,1,0,1,0,1,0,0,1
997,0,365,6,1,2,2,1,4,3916,51700,0,0,0,1,0,1,0,1,0,0,1
998,0,303,6,0,2,4,2,0,190,45800,0,0,0,0,0,0,0,1,1,0,1
999,0,330,6,0,1,4,2,0,190,49200,0,0,0,0,0,0,0,1,0,0,1
1000,0,425,6,1,2,4,0,0,3916,62000,0,0,0,1,0,1,0,1,0,0,1
1001,0,425,6,1,2,4,0,0,3916,63500,0,0,0,1,0,1,0,1,0,0,1
1002,0,425,6,1,2,4,0,0,3916,64000,0,0,0,1,0,1,0,1,0,0,1
1003,0,493,6,2,2,2,0,4,3916,133205,0,0,0,1,0,1,0,1,0,0,1
1004,0,325,8,0,1,4,2,0,190,54650,0,0,0,0,0,0,0,1,1,0,1
1005,0,425,6,1,2,2,0,4,3916,64200,0,0,0,1,0,1,0,1,0,0,1
1006,0,425,6,1,2,2,0,5,3916,72500,0,0,0,1,0,1,0,1,0,0,1
1007,0,425,6,1,2,2,0,5,3916,74200,0,0,0,1,0,1,0,1,0,0,1
1008,0,425,6,1,2,2,0,4,3916,65700,0,0,0,1,0,1,0,1,0,0,1
1009,0,425,6,1,2,2,0,5,3916,74700,0,0,0,1,0,1,0,1,0,0,1
1010,0,425,6,1,2,2,0,4,3916,66200,0,0,0,1,0,1,0,1,0,0,1
1011,0,420,8,0,1,4,2,0,190,60950,0,0,0,0,0,0,0,1,0,0,1
1012,0,552,8,2,2,4,2,0,3916,92900,0,0,0,1,0,1,0,1,0,0,1
1013,0,560,8,2,2,4,2,0,3916,93600,0,0,0,1,0,1,0,1,0,0,1
1014,0,560,8,2,2,4,2,0,3916,94100,0,0,0,1,0,1,0,1,0,0,1
1015,0,560,8,2,2,4,2,0,3916,115700,0,0,0,1,0,1,0,1,0,0,1
1016,0,552,8,2,2,4,2,0,3916,117200,0,0,0,1,0,1,0,1,0,0,1
1017,0,560,8,2,2,4,2,0,3916,117500,0,0,0,1,0,1,0,1,0,0,1
1018,0,560,8,2,2,2,0,5,3916,118200,0,0,0,1,0,1,0,1,0,0,1
1019,0,560,8,2,2,2,0,4,3916,111900,0,0,0,1,0,1,0,1,0,0,1
1020,0,552,8,2,2,2,0,5,3916,119700,0,0,0,1,0,1,0,1,0,0,1
1021,0,552,8,2,2,2,0,4,3916,113400,0,0,0,1,0,1,0,1,0,0,1
1022,0,560,8,2,2,2,0,4,3916,113700,0,0,0,1,0,1,0,1,0,0,1
1023,0,560,8,2,2,2,0,5,3916,120000,0,0,0,1,0,1,0,1,0,0,1
1024,0,400,6,2,1,4,0,1,1715,72300,0,1,0,0,0,0,0,1,1,0,1
1025,0,340,6,2,1,4,0,1,1715,52600,0,1,0,0,0,0,0,1,1,0,1
1026,0,360,6,2,1,4,0,1,1715,67200,0,1,0,0,0,1,0,1,0,0,1
1027,0,164,4,0,0,4,0,0,1385,25925,0,0,0,0,0,0,1,0,0,1,0
1028,0,197,4,0,0,4,0,0,1385,23835,1,0,0,0,0,0,0,0,0,1,0
1029,0,196,4,0,0,4,0,0,1385,28195,1,0,0,0,0,0,0,0,0,1,0
1030,0,160,4,0,0,4,0,0,1385,21625,1,0,0,0,0,0,0,0,0,1,0
1031,0,182,4,3,0,4,0,0,1385,27770,0,0,0,0,0,0,1,0,0,1,0
1032,0,160,4,0,0,4,0,0,1385,25125,1,0,0,0,0,0,0,0,0,1,0
1033,0,182,4,3,0,4,0,0,1385,27875,0,0,0,0,0,0,1,0,0,1,0
1034,0,132,4,0,0,4,1,3,2031,19685,0,0,0,0,1,0,0,0,0,1,0
1035,0,158,4,1,0,4,1,3,2031,19565,0,0,0,0,1,0,0,0,0,0,1
1036,0,158,4,0,1,4,1,3,2031,21715,0,0,0,0,1,0,0,0,0,0,1
1037,0,132,4,1,0,4,1,3,2031,18845,0,0,0,0,1,0,0,0,0,1,0
1038,0,132,4,0,0,4,1,3,2031,20115,0,0,0,0,1,0,0,0,0,1,0
1039,0,158,4,1,0,4,1,3,2031,20265,0,0,0,0,1,0,0,0,0,0,1
1040,0,290,6,0,0,4,0,0,2009,34380,0,0,0,0,0,0,0,0,1,0,1
1041,0,300,6,0,0,4,0,0,2009,36990,0,0,0,0,0,1,0,0,0,1,0
1042,0,300,6,0,0,4,0,0,2009,34590,0,0,0,0,0,1,0,0,0,0,1
1043,0,523,12,0,2,4,2,0,617,189350,0,0,1,0,0,1,0,1,0,0,1
1044,0,523,12,0,2,4,2,0,617,191300,0,0,1,0,0,1,0,1,0,0,1
1045,0,263,4,1,0,4,1,3,586,23700,0,0,0,1,1,0,0,0,1,0,1
1046,0,263,4,1,0,4,1,3,586,24000,0,0,0,1,1,0,0,0,1,0,1
1047,0,263,4,1,0,4,1,3,586,24200,0,0,0,1,1,0,0,0,1,0,1
1048,0,290,6,0,1,4,0,1,204,44565,0,1,0,0,0,0,0,1,0,0,1
1049,0,290,6,0,0,4,0,1,204,43015,0,1,0,0,0,0,0,1,0,0,1
1050,0,290,6,0,1,4,0,1,204,56400,0,1,0,0,0,0,0,1,0,0,1
1051,0,208,4,0,2,4,1,7,617,32500,0,0,0,0,0,0,0,1,0,0,1
1052,0,330,6,0,1,4,2,0,190,49850,0,0,0,0,0,0,0,1,1,0,1
1053,0,420,8,0,2,4,2,0,190,61200,0,0,0,0,0,0,0,1,1,0,1
1054,0,78,3,1,0,4,1,0,436,13995,1,0,0,0,0,0,0,0,0,1,0
1055,0,74,3,1,0,4,1,3,436,12995,0,0,0,0,1,0,0,0,0,1,0
1056,0,74,3,1,0,4,1,3,436,12995,0,0,0,0,1,0,0,0,0,1,0
1057,0,78,3,1,0,4,1,3,436,14795,0,0,0,0,1,0,0,0,0,1,0
1058,0,240,4,0,0,4,1,1,61,46030,0,1,0,0,0,0,0,1,0,0,1
1059,0,240,4,0,0,4,1,1,61,46455,0,1,0,0,0,0,0,1,0,0,1
1060,0,240,4,0,1,4,1,1,61,41895,0,1,0,0,0,0,0,1,0,0,1
1061,0,304,6,0,0,4,2,0,61,38850,0,0,0,0,0,0,0,1,1,0,1
1062,0,365,6,0,1,4,2,0,61,45840,0,0,0,0,0,0,0,1,1,0,1
1063,0,350,6,0,1,4,2,0,61,41005,0,0,0,0,0,0,0,1,1,0,1
1064,0,365,6,0,1,4,2,6,61,45205,0,1,0,0,0,0,0,1,1,0,1
1065,0,303,6,0,0,4,2,6,61,43370,0,1,0,0,0,0,0,1,0,0,1
1066,0,303,6,0,0,4,2,6,61,43530,0,1,0,0,0,0,0,1,0,0,1
1067,0,305,6,0,1,4,0,1,61,40850,0,1,0,0,0,0,0,1,0,0,1
1068,0,303,6,0,1,4,0,1,61,44045,0,1,0,0,0,0,0,1,0,0,1
1069,0,303,6,0,0,4,0,1,61,38260,0,1,0,0,0,0,0,1,0,0,1
1070,0,191,4,0,0,4,0,0,61,34645,0,0,0,0,0,0,1,1,0,1,0
1071,0,231,4,0,0,4,0,0,61,45555,0,0,0,0,0,0,0,1,0,1,0
1072,0,231,4,0,1,4,0,0,61,37080,0,0,0,0,0,0,0,1,0,1,0
1073,0,245,4,0,0,4,0,0,61,35010,0,0,0,0,0,0,1,1,0,1,0
1074,3,376,0,3,2,4,2,0,1391,79900,0,0,1,0,0,1,0,0,0,1,0
1075,3,470,0,3,2,4,2,0,1391,69900,0,0,1,0,0,0,0,0,1,1,0
1076,3,532,0,3,1,4,2,0,1391,79500,0,0,1,0,0,0,0,0,1,1,0
1077,0,592,8,2,2,2,1,4,416,229000,0,0,1,0,0,1,0,0,0,0,1
1078,0,616,8,2,2,2,1,4,416,239400,0,0,1,0,0,1,0,0,0,0,1
1079,0,505,8,0,2,4,2,0,520,298900,0,0,1,0,0,1,0,1,0,0,1
1080,0,505,8,0,2,4,2,0,520,303700,0,0,1,0,0,1,0,1,0,0,1
1081,0,505,8,0,2,4,2,0,520,303700,0,0,1,0,0,1,0,1,0,0,1
1082,0,265,6,0,1,2,0,1,2009,44540,0,1,0,0,0,0,0,0,0,0,1
1083,0,265,6,0,1,2,0,1,2009,44540,0,1,0,0,0,0,0,0,0,0,1
1084,0,265,6,0,1,2,0,1,2009,41995,0,1,0,0,0,0,0,0,0,0,1
1085,0,260,6,0,0,4,0,1,2009,39000,0,1,0,0,0,0,0,0,0,0,1
1086,0,260,6,0,1,4,0,1,2009,34400,0,1,0,0,0,0,0,0,0,0,1
1087,0,260,6,0,0,4,0,1,2009,29740,0,1,0,0,0,0,0,0,0,0,1
1088,0,670,12,2,1,2,1,4,1158,450000,0,0,1,1,0,1,0,0,0,0,1
1089,0,435,8,1,2,2,0,5,5657,41800,0,0,0,0,0,1,0,0,0,0,1
1090,0,310,4,1,2,2,0,4,5657,25300,0,0,0,0,0,1,0,0,0,1,0
1091,0,435,8,1,2,2,0,4,5657,36395,0,0,0,0,0,0,0,0,1,0,1
1092,0,310,4,1,2,2,0,5,5657,35145,0,0,0,0,0,0,0,0,1,0,1
1093,0,310,4,1,2,2,0,4,5657,25645,0,0,0,0,0,0,0,0,1,0,1
1094,0,435,8,1,2,2,0,5,5657,42145,0,0,0,0,0,0,0,0,1,0,1
1095,0,158,4,0,2,2,1,5,586,27505,0,0,0,0,0,0,0,0,1,0,1
1096,0,167,4,1,2,2,1,5,586,26905,0,0,0,0,0,0,0,0,1,0,1
1097,0,158,4,0,2,2,1,5,586,28650,0,0,0,0,0,0,0,0,1,0,1
1098,0,167,4,1,2,2,1,5,586,27550,0,0,0,0,0,0,0,0,1,0,1
1099,0,155,4,1,2,2,1,5,586,28600,0,0,0,0,0,0,0,0,1,1,0
1100,0,365,6,0,3,4,2,1,61,65055,0,0,0,0,0,0,0,1,0,0,1
1101,0,380,6,0,2,4,2,1,61,63195,0,0,0,0,0,0,0,1,0,0,1
1102,0,380,6,0,2,4,2,1,61,65560,0,0,0,0,0,0,0,1,0,0,1
1103,0,150,5,1,0,2,1,3,873,18690,0,0,0,0,1,0,0,0,0,0,1
1104,0,150,5,0,0,2,1,5,873,27390,1,0,0,0,0,0,0,0,0,0,1
1105,0,210,6,0,3,4,0,1,1851,23250,0,1,0,0,0,0,0,0,0,0,1
1106,0,260,6,0,3,4,0,1,1851,28995,0,1,0,0,0,0,0,0,1,0,1
1107,0,573,6,2,1,2,1,4,204,156000,0,0,1,0,0,1,1,1,0,0,1
1108,0,131,4,0,0,4,1,7,2009,21710,1,0,0,0,0,0,0,0,0,1,0
1109,0,131,4,0,0,4,1,7,2009,21760,1,0,0,0,0,0,0,0,0,1,0
1110,0,131,4,0,0,4,1,7,2009,22230,1,0,0,0,0,0,0,0,0,1,0
1111,0,235,4,0,1,4,0,1,454,35880,0,1,0,0,0,0,0,1,0,0,1
1112,0,235,4,0,0,4,0,1,454,34965,0,1,0,0,0,0,0,1,0,1,0
1113,0,235,4,0,1,4,0,1,454,38585,0,1,0,0,0,0,0,1,0,1,0
1114,0,194,4,0,0,4,0,1,454,39720,0,1,0,0,0,0,1,1,0,1,0
1115,0,194,4,0,1,4,0,1,454,41310,0,1,0,0,0,0,1,1,0,1,0
1116,0,194,4,0,1,4,0,1,454,39720,0,1,0,0,0,0,1,1,0,1,0
1117,0,248,6,0,0,4,2,7,2202,37775,1,0,0,0,0,0,0,0,0,0,1
1118,0,248,6,0,0,4,2,7,2202,37650,1,0,0,0,0,0,0,0,0,0,1
1119,0,199,4,0,0,4,0,0,1720,32150,0,0,0,0,0,0,1,0,0,1,0
1120,0,199,4,0,0,4,0,0,1720,32195,0,0,0,0,0,0,1,0,0,1,0
1121,0,192,4,0,0,4,0,0,1720,25995,0,0,0,0,0,0,1,0,0,1,0
1122,0,199,4,0,0,4,0,0,1720,25995,0,0,0,0,0,0,1,0,0,1,0
1123,0,192,4,0,0,4,0,0,1720,25790,1,0,0,0,0,0,0,0,0,1,0
1124,0,245,4,0,0,4,0,0,1720,29940,0,0,0,0,0,0,0,0,1,1,0
1125,0,178,4,2,0,4,0,0,1720,24140,1,0,0,0,0,0,0,0,0,1,0
1126,0,175,4,0,1,4,0,1,640,30295,0,1,0,0,0,0,0,0,0,1,0
1127,0,175,4,0,1,4,0,1,640,30695,0,1,0,0,0,0,0,0,0,1,0
1128,0,175,4,0,1,4,0,1,640,35995,0,1,0,0,0,0,0,0,0,1,0
1129,0,148,4,0,3,4,1,1,436,22195,0,1,0,0,0,0,0,0,0,1,0
1130,0,168,4,0,0,4,1,1,436,23995,0,1,0,0,0,0,0,0,0,1,0
1131,0,148,4,1,0,4,1,1,436,19595,0,1,0,0,0,0,0,0,0,1,0
1132,0,168,4,0,3,4,1,1,436,24195,0,1,0,0,0,0,0,0,0,1,0
1133,0,148,4,1,0,4,1,1,436,19795,0,1,0,0,0,0,0,0,0,1,0
1134,0,166,4,0,1,4,0,1,436,26195,0,1,0,0,0,0,0,0,0,1,0
1135,0,224,6,0,1,4,0,1,436,30995,0,1,0,0,0,0,0,0,0,0,1
1136,0,224,6,0,1,4,0,1,436,31695,0,1,0,0,0,0,0,0,0,0,1
1137,0,287,6,0,0,4,0,7,1013,42495,0,0,0,0,0,0,0,0,1,0,1
1138,0,570,8,2,1,4,2,0,1715,200500,0,0,0,0,0,1,0,1,0,0,1
1139,0,520,8,2,1,4,2,0,1715,161100,0,0,0,0,0,1,0,1,0,0,1
1140,0,170,4,0,0,4,0,0,873,26280,1,0,0,0,0,0,0,0,0,1,0
1141,2,150,4,2,0,4,0,0,873,29125,0,0,0,0,0,0,0,0,0,1,0
1142,0,170,4,0,0,4,0,0,873,26280,1,0,0,0,0,0,0,0,0,1,0
1143,0,280,6,2,0,4,0,0,873,36835,0,0,0,0,0,0,0,0,1,0,1
1144,0,280,6,2,0,4,0,0,873,29295,0,0,0,0,0,0,0,0,1,0,1
1145,0,170,4,0,0,4,0,0,873,27995,1,0,0,0,0,0,0,0,0,1,0
1146,0,260,6,0,0,4,2,1,2009,29510,0,1,0,0,0,0,0,0,0,0,1
1147,0,260,6,0,0,4,2,1,2009,33150,0,1,0,0,0,0,0,0,0,0,1
1148,0,284,6,0,3,4,2,1,2009,37790,0,1,0,0,0,0,0,0,0,0,1
1149,0,453,12,0,2,2,2,4,86,433550,0,0,1,0,0,0,0,1,1,0,1
1150,0,453,12,0,2,2,2,4,86,438325,0,0,1,0,0,0,0,1,1,0,1
1151,0,453,12,0,2,2,2,4,86,449525,0,0,1,0,0,0,0,1,1,0,1
1152,0,453,12,0,2,2,2,5,86,474600,0,0,1,0,0,0,0,1,1,0,1
1153,0,453,12,0,2,2,2,5,86,479775,0,0,1,0,0,0,0,1,1,0,1
1154,0,453,12,0,2,2,2,5,86,492000,0,0,1,0,0,0,0,1,1,0,1
1155,0,453,12,0,2,4,2,0,86,402940,0,0,1,0,0,0,0,1,1,0,1
1156,0,453,12,0,2,4,2,0,86,407400,0,0,1,0,0,0,0,1,1,0,1
1157,0,453,12,0,2,4,2,0,86,417825,0,0,1,0,0,0,0,1,1,0,1
1158,0,250,6,0,3,4,0,1,2202,33720,0,1,0,0,0,0,0,0,0,0,1
1159,0,280,6,0,1,4,0,1,2202,39455,0,1,0,0,0,0,0,0,0,0,1
1160,0,280,6,0,1,4,0,1,2202,39255,0,1,0,0,0,0,0,0,0,0,1
1161,0,99,4,0,0,4,1,3,2031,20030,0,0,0,0,1,0,1,0,0,1,0
1162,0,99,4,0,0,4,1,3,2031,20340,0,0,0,0,1,0,1,0,0,1,0
1163,0,99,4,0,0,4,1,3,2031,20360,0,0,0,0,1,0,1,0,0,1,0
1164,0,121,4,0,0,4,1,3,2031,27100,0,0,0,0,1,0,1,0,0,1,0
1165,0,134,4,0,0,4,0,6,2031,26675,0,0,0,0,0,0,1,0,0,1,0
1166,0,134,4,0,0,4,0,6,2031,26675,0,0,0,0,0,0,1,0,0,1,0
1167,0,134,4,0,0,4,0,6,2031,26675,0,0,0,0,0,0,1,0,0,1,0
1168,0,134,4,0,0,4,1,3,2031,25765,0,0,0,0,1,0,1,0,0,1,0
1169,0,121,4,0,0,4,1,3,2031,24200,0,0,0,0,1,0,1,0,0,1,0
1170,0,121,4,0,0,4,1,3,2031,28115,0,0,0,0,1,0,1,0,0,1,0
1171,0,150,4,0,0,4,1,6,1013,18275,1,0,0,0,0,0,0,0,0,0,1
1172,0,200,4,0,0,4,1,1,3105,32500,0,1,0,0,0,0,0,1,0,0,1
1173,0,200,4,0,0,4,1,1,3105,38600,0,1,0,0,0,0,0,1,0,0,1
1174,0,200,4,0,0,4,1,1,3105,34500,0,1,0,0,0,0,0,1,0,0,1
1175,0,328,6,0,2,4,0,0,190,33950,0,0,0,0,0,0,0,1,1,0,1
1176,0,328,6,0,1,4,0,0,190,38950,0,0,0,0,0,0,0,1,1,0,1
1177,0,208,4,0,2,4,0,0,190,33950,0,0,0,0,0,0,0,1,0,1,0
1178,0,208,4,0,2,4,0,0,190,33950,0,0,0,0,0,0,0,1,0,1,0
1179,0,360,6,0,1,4,1,0,190,49800,0,0,0,0,0,1,1,1,0,1,0
1180,0,272,6,0,1,4,0,1,3105,52900,0,1,0,0,0,0,0,1,0,0,1
1181,2,240,6,0,1,4,0,1,3105,47500,0,1,0,0,0,0,0,1,0,1,0
1182,0,272,6,0,1,4,0,1,3105,53500,0,1,0,0,0,0,0,1,0,0,1
1183,2,240,6,0,1,4,0,1,3105,48100,0,1,0,0,0,0,0,1,0,1,0
1184,0,272,6,0,1,4,0,1,3105,53200,0,1,0,0,0,0,0,1,0,0,1
1185,1,220,4,0,1,4,0,1,3105,40900,0,1,0,0,0,0,0,1,0,0,1
1186,0,325,6,1,2,2,0,5,190,53400,0,0,0,0,0,0,0,1,1,0,1
1187,0,343,6,0,2,2,0,5,190,62100,0,0,0,1,0,0,0,1,1,0,1
1188,0,325,6,1,2,2,0,5,190,53400,0,0,0,0,0,0,0,1,1,0,1
1189,0,348,6,1,2,2,0,4,190,51750,0,0,0,1,0,1,0,1,0,0,1
1190,0,330,6,0,2,2,0,4,190,40950,0,0,0,0,0,0,0,1,1,0,1
1191,0,330,6,0,2,2,0,4,190,40950,0,0,0,0,0,0,0,1,1,0,1
1192,0,400,6,0,1,2,0,4,190,53300,0,0,0,1,0,1,0,1,0,0,1
1193,0,330,6,0,1,4,2,0,190,51750,0,0,0,0,0,0,0,1,1,0,1
1194,0,330,6,0,2,4,2,0,190,51350,0,0,0,0,0,0,0,1,1,0,1
1195,0,420,8,0,1,4,2,0,190,67050,0,0,0,0,0,0,0,1,1,0,1
1196,2,240,6,0,1,4,2,1,3105,64900,0,1,0,0,0,0,0,1,0,0,1
1197,0,333,6,0,1,4,2,1,3105,60900,0,1,0,0,0,0,0,1,0,0,1
1198,0,333,6,0,1,4,2,1,3105,61900,0,1,0,0,0,0,0,1,0,0,1
1199,2,240,6,0,1,4,2,1,3105,53400,0,1,0,0,0,0,0,1,0,0,1
1200,0,333,6,0,1,4,2,1,3105,58800,0,1,0,0,0,0,0,1,1,0,1
1201,0,404,6,0,1,4,2,0,238,106900,0,0,1,0,0,1,0,1,0,0,1
1202,0,404,6,0,1,4,2,0,238,107900,0,0,1,0,0,1,0,1,0,0,1
1203,0,404,6,0,1,4,2,0,238,116000,0,0,1,0,0,1,0,1,0,0,1
1204,0,260,6,0,0,4,1,7,2009,33750,1,0,0,0,0,0,0,0,0,0,1
1205,0,260,6,0,0,4,1,7,2009,30280,1,0,0,0,0,0,0,0,0,0,1
1206,0,260,6,0,0,4,1,7,2009,26580,1,0,0,0,0,0,0,0,0,0,1
1207,0,325,6,0,1,4,0,1,190,36400,0,1,0,0,0,0,0,1,0,0,1
1208,0,325,6,0,2,4,0,1,190,34450,0,1,0,0,0,0,0,1,1,0,1
1209,0,325,6,0,1,4,0,1,190,36250,0,1,0,0,0,0,0,1,1,0,1
1210,0,320,8,0,2,4,2,1,190,56050,0,0,0,0,0,0,0,1,0,0,1
1211,0,400,8,0,3,4,2,1,190,61800,0,0,0,0,0,0,0,1,0,0,1
1212,0,230,4,0,0,4,2,1,190,45400,0,1,0,0,0,0,1,1,0,1,0
1213,0,265,6,0,0,4,2,1,190,42600,0,1,0,0,0,0,0,1,0,0,1
1214,0,295,6,0,1,4,2,1,190,44900,0,1,0,0,0,0,0,1,0,0,1
1215,0,325,6,0,2,4,0,1,190,45850,0,1,0,0,0,0,0,1,1,0,1
1216,0,325,6,0,2,4,0,1,190,45850,0,1,0,0,0,0,0,1,1,0,1
1217,0,325,6,0,2,4,0,1,190,45850,0,1,0,0,0,0,0,1,1,0,1
1218,0,400,8,0,2,4,2,1,190,62700,0,0,0,0,0,0,0,1,0,0,1
1219,0,400,8,0,2,4,2,1,190,63250,0,0,0,0,0,0,0,1,0,0,1
1220,0,400,8,0,3,4,2,1,190,66350,0,0,0,0,0,0,0,1,0,0,1
1221,0,400,8,0,2,4,2,1,190,60000,0,0,0,0,0,0,0,1,0,0,1
1222,0,400,8,0,3,4,2,1,190,64450,0,0,0,0,0,0,0,1,0,0,1
1223,0,268,6,0,1,4,2,6,617,49300,0,1,0,0,0,0,0,1,0,0,1
1224,2,210,6,0,1,4,2,6,617,50800,0,1,0,0,0,0,0,1,0,0,1
1225,0,268,6,0,1,4,2,6,617,50240,0,1,0,0,0,0,0,1,0,0,1
1226,2,210,6,0,1,4,2,6,617,51740,0,1,0,0,0,0,0,1,0,0,1
1227,0,302,6,0,1,4,2,6,617,52690,0,1,0,0,0,0,0,1,0,0,1
1228,2,210,6,0,1,4,2,6,617,53840,0,1,0,0,0,0,0,1,0,0,1
1229,0,525,10,1,1,2,1,5,3105,164700,0,0,0,0,0,1,0,1,0,0,1
1230,0,550,10,2,1,2,1,4,3105,179645,0,0,0,0,0,1,0,1,0,0,1
1231,0,525,10,1,1,2,1,4,3105,151200,0,0,0,0,0,1,0,1,0,0,1
1232,0,550,10,2,1,2,1,5,3105,199600,0,0,0,0,0,1,0,1,0,0,1
1233,0,430,8,2,1,2,1,4,3105,124900,0,0,0,0,0,1,0,1,0,0,1
1234,0,525,10,1,1,2,1,5,3105,166100,0,0,0,0,0,1,0,1,0,0,1
1235,0,540,10,2,1,2,1,4,3105,162900,0,0,0,0,0,1,0,1,0,0,1
1236,1,310,8,0,3,4,2,2,1851,31730,0,0,0,0,0,0,0,0,0,0,1
1237,0,215,6,0,2,4,2,2,1851,24665,0,0,0,0,0,0,0,0,0,0,1
1238,0,240,4,0,1,4,1,1,258,60000,0,1,0,0,0,0,0,1,0,0,1
1239,0,240,4,0,1,4,1,1,258,50475,0,1,0,0,0,0,0,1,0,0,1
1240,0,240,4,0,1,4,1,1,258,51000,0,1,0,0,0,0,0,1,0,0,1
1241,1,510,8,0,3,4,0,1,258,79100,0,0,0,0,0,1,0,1,0,0,1
1242,0,340,6,0,3,4,0,1,258,67600,0,0,0,0,0,0,0,1,1,0,1
1243,1,340,6,0,3,4,0,1,258,63350,0,0,0,0,0,0,0,1,1,0,1
1244,0,510,8,0,3,4,0,1,258,93075,0,0,0,0,0,1,0,1,0,0,1
1245,2,254,6,0,3,4,0,1,258,66450,0,0,0,0,0,0,0,1,0,1,0
1246,1,510,8,0,3,4,2,1,258,142100,0,0,0,0,0,1,0,1,0,0,1
1247,1,340,6,0,3,4,2,1,258,83495,0,0,0,0,0,0,0,1,0,0,1
1248,2,254,6,0,3,4,2,1,258,86450,0,0,0,0,0,0,0,1,0,1,0
1249,0,510,8,0,3,4,2,1,258,139995,0,0,0,0,0,1,0,1,0,0,1
1250,0,143,4,1,2,2,1,2,5657,20580,1,0,0,0,0,0,0,0,0,1,0
1251,0,143,4,1,2,2,1,2,5657,18160,1,0,0,0,0,0,0,0,0,1,0
1252,0,550,12,0,2,4,2,0,259,198250,0,0,1,0,0,1,0,0,0,0,1
1253,0,552,12,0,2,4,2,0,259,203995,0,0,1,0,0,1,0,0,0,0,1
1254,0,552,12,0,2,4,2,0,259,206000,0,0,1,0,0,1,0,0,0,0,1
1255,0,470,12,0,2,4,2,0,259,197850,0,0,1,0,0,1,0,0,0,0,1
1256,0,470,12,0,2,4,2,0,259,207895,0,0,1,0,0,1,0,0,0,0,1
1257,0,470,12,0,2,4,2,0,259,226850,0,0,1,0,0,1,0,0,0,0,1
1258,3,154,0,3,0,4,0,1,2031,49800,0,1,0,0,0,0,0,0,0,1,0
1259,3,154,0,3,0,4,0,1,2031,49800,0,1,0,0,0,0,0,0,0,1,0
1260,3,154,0,3,0,4,0,1,2031,49800,0,1,0,0,0,0,0,0,0,1,0
1261,0,194,4,0,1,4,0,1,2031,28370,0,1,0,0,0,0,1,0,0,1,0
1262,0,194,4,0,1,4,0,1,2031,34030,0,1,0,0,0,0,1,0,0,1,0
1263,0,176,4,0,0,4,0,1,2031,25240,0,1,0,0,0,0,0,0,0,1,0
1264,0,176,4,0,0,4,0,1,2031,29265,0,1,0,0,0,0,0,0,0,1,0
1265,0,176,4,0,0,4,0,1,2031,31830,0,1,0,0,0,0,0,0,0,1,0
1266,0,241,4,0,2,2,0,4,454,39995,0,0,0,0,0,0,0,1,0,1,0
1267,0,241,4,0,2,2,0,4,454,40155,0,0,0,0,0,0,0,1,0,1,0
1268,0,255,6,0,1,2,0,4,454,42610,0,0,0,0,0,0,0,1,0,0,1
1269,0,255,6,0,1,2,0,4,454,42770,0,0,0,0,0,0,0,1,0,0,1
1270,0,306,6,0,2,2,0,4,454,42790,0,0,0,0,0,0,0,1,1,0,1
1271,0,306,6,0,1,2,0,4,454,45015,0,0,0,0,0,0,0,1,1,0,1
1272,0,306,6,0,1,2,0,4,454,45175,0,0,0,0,0,0,0,1,1,0,1
1273,0,467,8,0,2,2,0,4,454,62400,0,0,0,1,0,1,0,1,0,0,1
1274,0,467,8,0,2,2,0,4,454,62805,0,0,0,1,0,1,0,1,0,0,1
1275,0,467,8,0,2,2,0,4,454,64165,0,0,0,1,0,1,0,1,0,0,1
1276,0,273,6,0,1,4,0,1,204,36495,0,1,0,0,0,0,0,1,0,0,1
1277,0,279,6,0,0,4,0,1,204,36670,0,1,0,0,0,0,0,1,0,0,1
1278,0,279,6,0,1,4,0,1,204,38370,0,1,0,0,0,0,0,1,0,0,1
1279,0,259,4,0,0,4,0,0,155,28565,0,0,0,0,0,0,0,0,1,0,1
1280,1,182,4,0,0,4,0,0,155,27065,0,0,0,0,0,0,0,0,0,0,1
1281,0,259,4,0,0,4,0,0,155,31615,0,0,0,0,0,0,0,0,1,0,1
1282,1,182,4,0,0,4,0,0,155,27065,0,0,0,0,0,0,0,0,0,0,1
1283,0,250,6,0,3,4,2,2,2202,37380,1,0,0,0,0,0,0,0,0,0,1
1284,0,250,6,0,3,4,2,2,2202,37505,1,0,0,0,0,0,0,0,0,0,1
1285,0,280,6,0,1,4,2,2,2202,37730,1,0,0,0,0,0,0,0,0,0,1
1286,0,138,4,0,0,4,1,0,1720,15190,1,0,0,0,0,0,0,0,0,1,0
1287,0,138,4,0,0,4,1,3,1720,18290,0,0,0,0,1,0,0,0,0,1,0
1288,0,138,4,0,0,4,1,0,1720,20755,1,0,0,0,0,0,0,0,0,1,0
1289,0,138,4,0,0,4,1,3,1720,17905,0,0,0,0,1,0,0,0,0,1,0
1290,0,138,4,0,0,4,1,0,1720,17755,1,0,0,0,0,0,0,0,0,1,0
1291,0,138,4,0,0,4,1,3,1720,15495,0,0,0,0,1,0,0,0,0,1,0
1292,0,300,6,0,1,4,0,0,204,54250,0,0,0,0,0,0,0,1,1,0,1
1293,0,300,6,0,1,4,0,0,204,51350,0,0,0,0,0,0,0,1,1,0,1
1294,0,300,6,0,1,4,0,0,204,48200,0,0,0,0,0,0,0,1,1,0,1
1295,0,310,6,0,0,4,0,0,204,50950,0,0,0,0,0,0,0,1,1,0,1
1296,0,310,6,0,0,4,0,0,204,54450,0,0,0,0,0,0,0,1,1,0,1
1297,0,377,6,2,1,4,0,0,204,59950,0,0,0,0,0,1,1,1,0,1,0
1298,0,310,6,0,0,4,0,0,204,54450,0,0,0,0,0,0,0,1,1,0,1
1299,0,170,4,0,0,4,0,1,2009,20150,0,1,0,0,0,0,0,0,0,1,0
1300,0,170,4,0,1,4,0,1,2009,21500,0,1,0,0,0,0,0,0,0,1,0
1301,0,170,4,0,1,4,0,1,2009,24140,0,1,0,0,0,0,0,0,0,1,0
1302,0,170,4,0,1,4,0,1,2009,30080,0,1,0,0,0,0,0,0,0,1,0
1303,0,170,4,0,0,4,0,1,2009,23820,0,1,0,0,0,0,0,0,0,1,0
1304,0,197,6,0,0,4,0,7,873,33600,1,0,0,0,0,0,0,0,0,0,1
1305,0,283,6,0,0,4,0,7,873,43240,1,0,0,0,0,0,0,0,0,0,1
1306,1,283,6,0,0,4,0,7,873,34490,0,0,0,0,0,0,0,0,0,0,1
1307,0,450,8,2,1,2,0,5,3105,77900,0,0,0,1,0,1,0,1,0,0,1
1308,0,450,8,2,1,2,0,4,3105,68900,0,0,0,1,0,1,0,1,0,0,1
1309,0,450,8,2,1,2,0,4,3105,69600,0,0,0,1,0,1,0,1,0,0,1
1310,0,450,8,2,1,2,0,5,3105,77900,0,0,0,1,0,1,0,1,0,0,1
1311,0,450,8,2,1,2,0,5,3105,79200,0,0,0,1,0,1,0,1,0,0,1
1312,0,450,8,2,1,2,0,4,3105,70900,0,0,0,1,0,1,0,1,0,0,1
1313,0,560,8,0,1,4,2,0,3105,106500,0,0,0,1,0,1,0,1,0,0,1
1314,0,560,8,0,1,4,2,0,3105,108900,0,0,0,1,0,1,0,1,0,0,1
1315,0,560,8,0,1,4,2,0,3105,110700,0,0,0,1,0,1,0,1,0,0,1
1316,0,270,6,0,0,4,0,1,454,40970,0,1,0,0,0,0,0,1,0,0,1
1317,0,295,6,0,1,4,0,1,454,49125,0,1,0,0,0,0,0,1,0,0,1
1318,0,295,6,0,1,4,0,1,454,50320,0,1,0,0,0,0,0,1,0,0,1
1319,0,295,6,0,0,4,0,1,454,47620,0,1,0,0,0,0,1,1,0,1,0
1320,0,308,6,0,1,4,0,1,454,57045,0,1,0,0,0,0,1,1,0,1,0
1321,0,308,6,0,1,4,0,1,454,53035,0,1,0,0,0,0,1,1,0,1,0
1322,0,232,0,1,2,4,1,4,586,32140,0,0,0,0,0,0,0,0,1,0,1
1323,0,212,0,0,2,4,1,4,586,26645,0,0,0,0,0,0,0,0,1,0,1
1324,0,212,0,0,2,4,1,4,586,32960,0,0,0,0,0,0,0,0,1,0,1
1325,0,232,0,1,2,4,1,4,586,32260,0,0,0,0,0,0,0,0,1,0,1
1326,0,449,8,0,2,4,2,0,617,94400,0,0,0,0,0,1,0,1,0,0,1
1327,0,577,8,0,1,2,2,4,617,160900,0,0,0,1,0,1,0,1,0,0,1
1328,0,621,12,0,2,2,2,4,617,234050,0,0,0,1,0,1,0,1,0,0,1
1329,0,577,8,0,1,4,2,0,617,143250,0,0,0,1,0,1,0,1,0,0,1
1330,0,577,8,0,1,4,2,0,617,144700,0,0,0,1,0,1,0,1,0,0,1
1331,0,449,8,0,2,2,2,5,617,131400,0,0,0,0,0,1,0,1,0,0,1
1332,0,292,4,2,1,4,1,0,3105,41100,0,0,0,1,0,1,0,1,0,1,0
1333,0,292,4,2,1,4,1,0,3105,42500,0,0,0,1,0,1,0,1,0,1,0
1334,0,292,4,2,1,4,1,0,3105,48400,0,0,0,1,0,1,0,1,0,0,1
1335,0,227,5,1,1,4,1,0,870,31350,0,0,0,0,0,0,0,1,0,0,1
1336,0,227,5,0,0,4,1,0,870,27750,0,0,0,0,0,0,0,1,0,0,1
1337,0,333,6,2,1,4,0,0,3105,49500,0,0,0,1,0,1,0,1,0,0,1
1338,0,333,6,1,1,4,0,0,3105,48400,0,0,0,1,0,1,0,1,0,0,1
1339,0,333,6,2,1,4,0,0,3105,56100,0,0,0,1,0,1,0,1,0,0,1
1340,0,333,6,2,1,2,0,5,3105,67350,0,0,0,1,0,0,0,1,1,0,1
1341,0,333,6,1,1,2,0,4,3105,59350,0,0,0,1,0,1,0,1,0,0,1
1342,0,333,6,1,1,2,0,4,3105,53100,0,0,0,1,0,1,0,1,0,0,1
1343,0,333,6,2,1,2,0,5,3105,61100,0,0,0,1,0,0,0,1,1,0,1
1344,0,240,4,0,1,4,0,0,870,44200,0,0,0,0,0,0,0,1,0,1,0
1345,0,250,5,0,1,4,0,0,870,35450,0,0,0,0,0,0,0,1,1,0,1
1346,0,240,4,0,0,4,0,0,870,38900,0,0,0,0,0,0,0,1,1,1,0
1347,0,240,4,0,0,4,0,0,870,33950,0,0,0,0,0,0,0,1,0,1,0
1348,0,420,8,2,1,4,0,0,3105,75500,0,0,0,1,0,1,0,1,0,0,1
1349,0,450,8,2,1,4,0,0,3105,70900,0,0,0,1,0,1,0,1,0,0,1
1350,0,450,8,2,1,4,0,0,3105,74100,0,0,0,1,0,1,0,1,0,0,1
1351,0,420,8,2,1,4,2,0,3105,82500,0,0,0,1,0,1,0,1,0,0,1
1352,0,450,8,2,1,4,2,0,3105,82900,0,0,0,1,0,1,0,1,0,0,1
1353,0,450,8,2,1,4,2,0,3105,82900,0,0,0,1,0,1,0,1,0,0,1
1354,0,240,6,0,0,4,0,0,870,39900,0,0,0,0,0,0,0,1,0,0,1
1355,0,300,6,0,1,4,0,0,870,45100,0,0,0,0,0,0,0,1,1,0,1
1356,0,240,4,0,0,4,0,0,870,48375,0,0,0,0,0,0,0,1,0,1,0
1357,0,520,8,0,1,4,2,0,3105,114900,0,0,0,1,0,1,0,1,0,0,1
1358,0,520,8,0,1,4,2,0,3105,114900,0,0,0,1,0,1,0,1,0,0,1
1359,0,605,8,0,1,4,2,0,3105,115900,0,0,0,1,0,1,0,1,0,0,1
1360,0,250,4,0,0,4,2,0,870,46950,0,0,0,0,0,0,0,1,0,1,0
1361,0,264,4,0,1,4,0,1,1439,33000,0,1,0,0,0,0,0,0,0,0,1
1362,0,265,4,0,1,4,0,1,1439,33000,0,1,0,0,0,0,0,0,0,0,1
1363,0,265,4,0,1,4,0,1,1439,33450,0,1,0,0,0,0,0,0,0,0,1
1364,0,290,6,0,0,4,0,1,1439,30150,0,1,0,0,0,0,0,0,0,0,1
1365,0,290,6,0,1,4,0,1,1439,32150,0,1,0,0,0,0,0,0,0,0,1
1366,0,290,6,0,1,4,0,1,1439,36700,0,1,0,0,0,0,0,0,0,0,1
1367,0,288,8,0,2,2,1,5,454,68405,0,0,0,0,0,0,0,1,1,0,1
1368,0,235,6,0,0,2,0,5,1013,32710,1,0,0,0,0,0,0,0,0,0,1
1369,0,173,4,0,0,4,0,0,1013,22115,0,0,0,0,0,0,0,0,0,0,1
1370,1,186,6,0,0,2,0,5,1013,29210,0,0,0,0,0,0,0,0,0,0,1
1371,0,276,6,0,0,4,0,7,1720,36300,1,0,0,0,0,0,0,0,0,0,1
1372,0,276,6,0,0,4,0,7,1720,28500,1,0,0,0,0,0,0,0,0,0,1
1373,0,276,6,0,0,4,0,7,1720,41900,1,0,0,0,0,0,0,0,0,0,1
1374,0,130,4,0,0,4,0,0,2009,20720,1,0,0,0,0,0,0,0,0,1,0
1375,0,130,4,0,0,4,0,0,2009,22170,1,0,0,0,0,0,0,0,0,1,0
1376,0,124,4,0,0,4,0,0,2009,21500,1,0,0,0,0,0,0,0,0,1,0
1377,0,130,4,1,0,4,0,0,2009,16990,1,0,0,0,0,0,0,0,0,1,0
1378,0,381,8,0,3,4,2,1,2031,64320,1,0,0,0,0,0,0,0,0,0,1
1379,0,381,8,0,2,4,2,1,2031,61855,1,0,0,0,0,0,0,0,0,0,1
1380,0,381,8,0,3,4,2,1,2031,48685,1,0,0,0,0,0,0,0,0,0,1
1381,0,526,8,1,2,2,0,4,5657,61295,0,0,0,1,0,1,0,0,0,0,1
1382,0,526,8,1,2,2,0,4,5657,61295,0,0,0,1,0,1,0,0,0,0,1
1383,0,526,8,1,2,2,0,4,5657,61795,0,0,0,1,0,1,0,0,0,0,1
1384,0,550,8,1,2,2,0,4,5657,48810,0,0,0,1,0,1,0,0,0,0,1
1385,0,662,8,1,2,2,0,5,5657,59200,0,0,0,1,0,1,0,0,0,0,1
1386,0,662,8,1,2,2,0,4,5657,54200,0,0,0,1,0,1,0,0,0,0,1
1387,0,662,8,1,2,2,0,4,5657,55110,0,0,0,1,0,1,0,0,0,0,1
1388,0,662,8,1,2,2,0,5,5657,60110,0,0,0,1,0,1,0,0,0,0,1
1389,0,266,6,0,1,4,2,7,2031,42880,1,0,0,0,0,0,0,0,0,0,1
1390,0,266,6,0,1,4,2,7,2031,34180,1,0,0,0,0,0,0,0,0,0,1
1391,0,296,6,0,0,4,2,7,2031,29750,1,0,0,0,0,0,0,0,0,0,1
1392,0,332,8,0,2,4,2,2,549,45425,0,0,0,0,0,0,1,0,0,0,1
1393,0,332,8,0,2,4,2,2,549,46790,0,0,0,0,0,0,1,0,0,0,1
1394,0,332,8,0,3,4,2,2,549,51935,0,0,0,0,0,0,1,0,0,0,1
1395,0,355,8,0,2,4,2,2,549,43360,1,0,0,0,0,0,0,0,0,0,1
1396,1,285,6,0,3,4,2,2,549,38540,0,0,0,0,0,0,0,0,0,0,1
1397,0,355,8,0,3,4,2,2,549,54240,1,0,0,0,0,0,0,0,0,0,1
1398,1,285,6,0,2,4,2,2,549,36230,0,0,0,0,0,0,0,0,0,0,1
1399,0,355,8,0,2,4,2,2,549,44840,1,0,0,0,0,0,0,0,0,0,1
1400,1,285,6,0,2,4,2,2,549,32230,0,0,0,0,0,0,0,0,0,0,1
1401,0,332,8,0,3,4,2,2,1385,48205,0,0,0,0,0,0,1,0,0,0,1
1402,0,332,8,0,3,4,2,2,1385,42840,0,0,0,0,0,0,1,0,0,0,1
1403,0,332,8,0,3,4,2,2,1385,51490,0,0,0,0,0,0,1,0,0,0,1
1404,0,355,8,0,3,4,2,2,1385,46110,1,0,0,0,0,0,0,0,0,0,1
1405,1,285,6,0,3,4,2,2,1385,35920,0,0,0,0,0,0,0,0,0,0,1
1406,1,285,6,0,2,4,2,2,1385,35825,0,0,0,0,0,0,0,0,0,0,1
1407,0,355,8,0,2,4,2,2,1385,39685,0,0,0,0,0,0,0,0,0,0,1
1408,1,285,6,0,2,4,2,2,1385,36035,0,0,0,0,0,0,0,0,0,0,1
1409,0,355,8,0,2,4,2,2,1385,39230,0,0,0,0,0,0,0,0,0,0,1
1410,0,329,6,0,2,2,1,5,617,84000,0,0,0,0,0,1,0,1,0,0,1
1411,0,449,8,0,2,2,1,5,617,108050,0,0,0,0,0,1,0,1,0,0,1
1412,0,449,8,0,2,2,1,5,617,110800,0,0,0,0,0,1,0,1,0,0,1
1413,0,362,6,0,2,2,1,5,617,60300,0,0,0,1,0,1,0,1,0,0,1
1414,0,302,6,0,2,2,1,5,617,56225,0,0,0,0,0,1,0,1,0,0,1
1415,0,201,4,1,2,2,1,5,617,43525,0,0,0,0,0,0,0,1,0,1,0
1416,0,201,4,1,2,2,1,5,617,43950,0,0,0,0,0,0,0,1,0,1,0
1417,0,302,6,0,2,2,1,5,617,57650,0,0,0,0,0,1,0,1,0,0,1
1418,0,302,6,0,2,2,1,5,617,59200,0,0,0,0,0,1,0,1,0,0,1
1419,0,583,8,2,2,2,1,4,617,221580,0,0,1,1,0,1,0,1,0,0,1
1420,0,583,8,2,2,2,1,5,617,228080,0,0,1,1,0,1,0,1,0,0,1
1421,0,583,8,2,2,2,1,4,617,199500,0,0,1,1,0,1,0,1,0,0,1
1422,0,583,8,2,2,2,1,5,617,206000,0,0,1,1,0,1,0,1,0,0,1
1423,0,622,8,2,2,2,1,4,617,275000,0,0,1,1,0,1,0,1,0,0,1
1424,0,583,8,2,2,2,1,5,617,208000,0,0,1,1,0,1,0,1,0,0,1
1425,0,563,8,2,2,2,1,4,617,183000,0,0,1,1,0,1,0,1,0,0,1
1426,0,563,8,2,2,2,1,4,617,189600,0,0,1,1,0,1,0,1,0,0,1
1427,0,563,8,2,2,2,1,5,617,196100,0,0,1,1,0,1,0,1,0,0,1
1428,0,199,4,0,0,4,0,0,1439,26000,0,0,0,0,0,0,1,0,0,1,0
1429,0,193,4,0,0,4,0,0,1439,26000,0,0,0,0,0,0,1,0,0,1,0
1430,0,193,4,0,0,4,0,0,1439,26000,0,0,0,0,0,0,1,0,0,1,0
1431,0,185,4,0,0,4,0,0,1439,23175,1,0,0,0,0,0,0,0,0,1,0
1432,0,177,4,2,0,4,0,0,1439,23275,1,0,0,0,0,0,0,0,0,1,0
1433,0,245,4,0,0,4,0,0,1439,28925,0,0,0,0,0,0,0,0,1,1,0
1434,0,178,4,2,0,4,0,0,1439,23725,1,0,0,0,0,0,0,0,0,1,0
1435,0,185,4,0,0,4,0,0,1439,21600,1,0,0,0,0,0,0,0,0,1,0
1436,0,178,4,2,0,4,0,0,1439,23125,1,0,0,0,0,0,0,0,0,1,0
1437,0,138,4,0,0,4,1,0,1385,15495,1,0,0,0,0,0,0,0,0,1,0
1438,0,138,4,0,0,4,1,3,1385,21945,0,0,0,0,1,0,0,0,0,1,0
1439,0,138,4,1,0,4,1,0,1385,16155,1,0,0,0,0,0,0,0,0,1,0
1440,0,138,4,0,0,4,1,3,1385,18145,0,0,0,0,1,0,0,0,0,1,0
1441,0,138,4,0,0,4,1,0,1385,18170,1,0,0,0,0,0,0,0,0,1,0
1442,0,138,4,0,0,4,1,3,1385,21215,0,0,0,0,1,0,0,0,0,1,0
1443,0,290,6,0,1,4,0,1,1720,38500,0,1,0,0,0,0,0,0,0,0,1
1444,0,290,6,0,0,4,0,1,1720,38300,0,1,0,0,0,0,0,0,0,0,1
1445,0,185,4,0,1,4,0,1,1720,28500,0,1,0,0,0,0,0,0,0,0,1
1446,3,201,0,3,0,4,1,6,1720,35700,1,0,0,0,0,0,0,0,0,1,0
1447,3,201,0,3,0,4,1,6,1720,33950,1,0,0,0,0,0,0,0,0,1,0
1448,0,130,4,0,0,4,1,6,1720,16900,1,0,0,0,0,0,0,0,0,1,0
1449,0,130,4,1,0,4,1,6,1720,15190,1,0,0,0,0,0,0,0,0,1,0
1450,0,130,4,0,0,4,1,6,1720,17400,1,0,0,0,0,0,0,0,0,1,0
1451,3,140,0,3,0,4,1,3,1385,26685,0,0,0,0,1,0,0,0,0,1,0
1452,3,140,0,3,0,4,1,3,1385,25170,0,0,0,0,1,0,0,0,0,1,0
1453,3,140,0,3,0,4,1,3,1385,25510,0,0,0,0,1,0,0,0,0,1,0
1454,0,84,4,1,0,4,1,3,1385,14040,0,0,0,0,1,0,0,0,0,1,0
1455,0,98,4,1,0,4,1,3,1385,14685,0,0,0,0,1,0,0,0,0,1,0
1456,0,98,4,1,0,4,1,3,1385,16325,0,0,0,0,1,0,0,0,0,1,0
1457,0,182,4,0,0,4,1,1,1720,21900,0,1,0,0,0,0,0,0,0,0,1
1458,0,182,4,0,1,4,1,1,1720,23650,0,1,0,0,0,0,0,0,0,0,1
1459,0,181,4,0,1,4,1,1,1720,27000,0,1,0,0,0,0,0,0,0,0,1
1460,0,354,6,0,1,4,0,1,3105,52700,0,1,0,1,0,1,0,1,0,0,1
1461,0,354,6,0,1,4,0,1,3105,53300,0,1,0,1,0,0,0,1,1,0,1
1462,0,354,6,0,1,4,0,1,3105,60800,0,1,0,1,0,0,0,1,1,0,1
1463,0,640,10,1,2,2,1,4,1851,97395,0,0,1,0,0,1,0,0,0,0,1
1464,0,640,10,1,2,2,1,4,1851,107385,0,0,1,0,0,1,0,0,0,0,1
1465,0,308,6,0,1,4,0,1,1624,48065,0,1,0,0,0,0,0,1,0,0,1
1466,0,308,6,0,0,4,0,1,1624,48920,0,1,0,0,0,0,0,1,0,0,1
1467,0,308,6,0,0,4,0,1,1624,37605,0,1,0,0,0,0,0,1,0,0,1
1468,0,415,8,0,2,4,2,0,1385,43475,0,0,0,0,0,1,0,0,0,0,1
1469,0,415,8,0,2,4,2,0,1385,45745,0,0,0,0,0,1,0,0,0,0,1
1470,0,415,8,0,2,4,2,0,1385,46575,0,0,0,0,0,1,0,0,0,0,1
1471,0,302,6,0,2,4,2,0,1624,55945,0,0,0,0,0,0,0,1,1,0,1
1472,0,302,6,0,2,4,2,0,1624,47280,0,0,0,0,0,0,0,1,0,0,1
1473,1,355,8,0,2,4,2,1,1385,54205,0,0,0,0,0,0,0,0,0,0,1
1474,1,355,8,0,2,4,2,1,1385,54730,0,0,0,0,0,0,0,0,1,0,1
1475,1,355,8,0,3,4,2,1,1385,58045,0,0,0,0,0,0,0,0,1,0,1
1476,1,631,12,0,1,2,0,5,520,291900,0,0,1,1,0,1,0,1,0,0,1
1477,0,150,4,1,0,4,1,3,481,16599,0,1,0,0,1,0,0,0,0,1,0
1478,0,148,4,0,1,4,1,3,481,19349,0,1,0,0,1,0,0,0,0,1,0
1479,0,148,4,0,0,4,1,0,481,17099,1,0,0,0,0,0,0,0,0,1,0
1480,0,150,4,1,0,4,1,0,481,16479,1,0,0,0,0,0,0,0,0,1,0
1481,0,150,4,1,0,4,1,3,481,16799,0,1,0,0,1,0,0,0,0,1,0
1482,0,148,4,0,1,4,1,3,481,18875,0,1,0,0,1,0,0,0,0,1,0
1483,0,148,4,0,0,4,1,0,481,18199,1,0,0,0,0,0,0,0,0,1,0
1484,0,150,4,1,0,4,1,0,481,13699,1,0,0,0,0,0,0,0,0,1,0
1485,0,150,4,1,1,4,1,3,481,19349,0,1,0,0,1,0,0,0,0,1,0
1486,0,148,4,0,1,4,1,3,481,19175,0,1,0,0,1,0,0,0,0,1,0
1487,0,148,4,0,0,4,1,0,481,17849,1,0,0,0,0,0,0,0,0,1,0
1488,0,150,4,1,0,4,1,0,481,15845,1,0,0,0,0,0,0,0,0,1,0
1489,0,236,6,1,3,4,1,2,2031,27355,1,0,0,0,0,0,0,0,0,0,1
1490,0,159,4,0,2,4,1,2,2031,23075,1,0,0,0,0,0,0,0,0,0,1
1491,0,159,4,1,3,4,1,2,2031,25185,1,0,0,0,0,0,0,0,0,0,1
1492,0,278,6,0,3,4,1,2,2031,29275,1,0,0,0,0,0,0,0,0,0,1
1493,0,278,6,0,3,4,1,2,2031,35315,1,0,0,0,0,0,0,0,0,0,1
1494,0,332,8,0,2,4,2,1,1385,51145,0,0,0,0,0,0,1,0,0,0,1
1495,0,332,8,0,3,4,2,1,1385,54775,0,0,0,0,0,0,1,0,0,0,1
1496,0,332,8,0,3,4,2,1,1385,56425,0,0,0,0,0,0,1,1,0,0,1
1497,1,355,8,0,3,4,2,1,1385,54505,0,0,0,0,0,0,0,0,0,0,1
1498,1,355,8,0,3,4,2,1,1385,64740,0,0,0,0,0,0,0,0,1,0,1
1499,1,355,8,0,3,4,2,1,1385,50215,0,0,0,0,0,0,0,0,1,0,1
1500,1,288,6,0,0,4,2,0,5657,29485,0,0,0,0,0,0,0,0,1,0,1
1501,0,365,6,0,1,4,2,0,5657,40220,0,0,0,1,0,1,0,0,0,0,1
1502,1,288,6,0,0,4,2,0,5657,29540,0,0,0,0,0,0,0,0,1,0,1
1503,0,365,6,0,1,4,2,0,5657,40275,0,0,0,1,0,1,0,0,0,0,1
1504,1,288,6,0,0,4,2,0,5657,36855,0,0,0,0,0,0,0,0,1,0,1
1505,0,365,6,0,1,4,2,0,5657,42520,0,0,0,1,0,1,0,0,0,0,1
1506,0,182,4,0,0,4,1,1,549,24070,0,1,0,0,0,0,0,0,0,1,0
1507,0,182,4,0,0,4,1,1,549,28300,0,1,0,0,0,0,0,0,0,1,0
1508,0,182,4,0,1,4,1,1,549,29050,0,1,0,0,0,0,0,0,0,0,1
1509,0,200,4,0,1,4,1,1,873,30225,0,1,0,0,0,0,0,0,0,0,1
1510,0,200,4,0,0,4,1,1,873,24890,0,1,0,0,0,0,0,0,0,0,1
1511,0,200,4,0,0,4,1,1,873,30095,0,1,0,0,0,0,0,0,0,0,1
1512,0,317,8,0,3,4,2,2,2009,39780,0,0,0,0,0,0,0,0,0,0,1
1513,0,317,8,0,2,4,2,2,2009,41160,0,0,0,0,0,0,0,0,0,0,1
1514,0,390,8,0,2,4,2,2,2009,37670,1,0,0,0,0,0,0,0,0,0,1
1515,0,305,6,0,1,4,0,0,204,42985,0,0,0,0,0,0,0,1,1,0,1
1516,0,280,6,0,0,4,0,0,204,39635,0,0,0,0,0,0,0,1,1,0,1
1517,0,305,6,1,1,4,0,0,204,43185,0,0,0,0,0,0,0,1,1,0,1
1518,0,280,6,0,0,4,0,0,204,37530,0,0,0,0,0,0,0,1,1,0,1
1519,0,305,6,1,1,4,0,0,204,43310,0,0,0,0,0,0,0,1,1,0,1
1520,0,290,6,0,1,4,0,0,204,41575,0,0,0,0,0,0,0,1,0,0,1
1521,0,206,4,2,0,4,0,0,204,35500,0,0,0,0,0,0,0,1,0,1,0
1522,0,290,6,0,1,4,0,0,204,41575,0,0,0,0,0,0,0,1,0,0,1
1523,0,206,4,2,0,4,0,0,204,35750,0,0,0,0,0,0,0,1,0,1,0
1524,0,290,6,0,0,4,0,0,204,42600,0,0,0,0,0,0,0,1,0,0,1
1525,0,206,4,2,0,4,0,0,204,35950,0,0,0,0,0,0,0,1,0,1,0
1526,2,240,6,0,1,4,0,1,873,62200,0,1,0,0,0,0,0,0,0,0,1
1527,0,280,6,0,1,4,0,1,873,53170,0,1,0,0,0,0,0,0,1,0,1
1528,0,280,6,0,1,4,0,1,873,51450,0,1,0,0,0,0,0,0,1,0,1
1529,2,240,6,0,1,4,0,1,873,54950,0,1,0,0,0,0,0,0,0,0,1
1530,0,280,6,0,1,4,0,1,873,49495,0,1,0,0,0,0,0,0,0,0,1
1531,1,283,6,0,0,4,0,7,1013,32995,0,0,0,0,0,0,0,0,0,0,1
1532,1,283,6,0,0,4,0,7,1013,29995,0,0,0,0,0,0,0,0,0,0,1
1533,1,283,6,0,0,4,0,7,1013,35845,0,0,0,0,0,0,0,0,0,0,1
1534,1,239,8,0,2,4,2,0,61,52595,0,0,0,0,0,0,0,1,0,0,1
1535,1,239,8,0,2,4,2,0,61,47225,0,0,0,0,0,0,0,1,0,0,1
1536,0,169,4,0,0,4,1,7,5657,26710,1,0,0,0,0,0,0,0,0,0,1
1537,0,169,4,0,0,4,1,7,5657,22675,1,0,0,0,0,0,0,0,0,0,1
1538,1,169,4,0,0,4,1,7,5657,23900,1,0,0,0,0,0,0,0,0,0,1
1539,0,288,6,0,1,4,0,1,1385,43935,0,1,0,0,0,0,0,0,0,0,1
1540,0,288,6,0,1,4,0,1,1385,44145,0,1,0,0,0,0,0,0,0,0,1
1541,0,281,6,0,1,4,0,1,1385,38650,0,1,0,0,0,0,0,0,0,0,1
1542,0,138,4,0,0,4,1,1,1385,25030,0,1,0,0,0,0,0,0,0,1,0
1543,0,138,4,0,1,4,1,1,1385,24145,0,1,0,0,0,0,0,0,0,1,0
1544,0,138,4,0,1,4,1,1,1385,24400,0,1,0,0,0,0,0,0,0,1,0
1545,0,256,6,0,1,4,0,1,640,35895,0,1,0,0,0,0,0,0,0,0,1
1546,0,256,6,0,1,4,0,1,640,32595,0,1,0,0,0,0,0,0,0,0,1
1547,0,256,6,0,1,4,0,1,640,34095,0,1,0,0,0,0,0,0,0,0,1
1548,0,171,4,0,1,4,1,1,586,24200,0,1,0,0,0,0,0,0,0,0,1
1549,1,240,6,0,0,4,1,1,586,27165,0,1,0,0,0,0,0,0,0,0,1
1550,0,171,4,0,0,4,1,1,586,25700,0,1,0,0,0,0,0,0,0,0,1
1551,1,240,6,0,1,4,1,1,586,29065,0,1,0,0,0,0,0,0,0,0,1
1552,0,201,4,0,0,4,0,6,204,35010,0,0,0,0,0,0,0,1,0,1,0
1553,0,201,4,0,0,4,0,6,204,35510,0,0,0,0,0,0,0,1,0,1,0
1554,0,201,4,0,0,4,0,6,204,35635,0,0,0,0,0,0,0,1,0,1,0
1555,0,201,4,0,0,4,0,0,204,30010,0,0,0,0,0,0,0,1,0,1,0
1556,0,201,4,0,0,4,0,0,204,30510,0,0,0,0,0,0,0,1,0,1,0
1557,0,201,4,1,0,4,0,0,204,31635,0,0,0,0,0,0,0,1,0,0,1
1558,0,360,5,1,1,2,1,4,3105,56850,0,0,0,1,0,1,0,1,0,0,1
1559,0,360,5,1,1,2,1,4,3105,57200,0,0,0,1,0,1,0,1,0,0,1
1560,0,211,4,2,1,2,1,5,3105,43350,0,0,0,0,0,0,0,1,0,1,0
1561,0,211,4,2,1,2,1,4,3105,40350,0,0,0,0,0,0,0,1,0,1,0
1562,0,220,4,2,1,2,1,4,3105,42900,0,0,0,0,0,0,0,1,1,1,0
1563,0,220,4,2,1,2,1,5,3105,46400,0,0,0,0,0,0,0,1,0,1,0
1564,0,220,4,2,1,2,1,5,3105,47000,0,0,0,0,0,0,0,1,0,1,0
1565,0,220,4,2,1,2,1,4,3105,43500,0,0,0,0,0,0,0,1,1,1,0
1566,0,265,4,2,1,2,1,5,3105,51700,0,0,0,1,0,0,0,1,1,1,0
1567,0,265,4,2,1,2,1,4,3105,48700,0,0,0,1,0,0,0,1,1,1,0
1568,0,292,4,2,1,2,1,4,3105,51900,0,0,0,1,0,0,0,1,1,1,0
1569,0,292,4,2,1,2,1,4,3105,52500,0,0,0,1,0,1,0,1,0,1,0
1570,0,182,4,0,0,4,1,1,1439,26450,0,1,0,0,0,0,0,0,0,0,1
1571,0,175,4,2,0,4,1,1,1439,24150,0,1,0,0,0,0,0,0,0,1,0
1572,0,164,4,0,1,4,1,1,1439,24100,0,1,0,0,0,0,0,0,0,0,1
1573,0,164,4,0,0,4,1,1,1439,22700,0,1,0,0,0,0,0,0,0,1,0
1574,0,175,4,2,0,4,1,1,1439,29775,0,1,0,0,0,0,0,0,0,1,0
1575,0,310,8,0,3,4,2,2,2031,33210,1,0,0,0,0,0,0,0,0,0,1
1576,1,381,8,0,3,4,2,2,2031,33060,0,0,0,0,0,0,0,0,0,0,1
1577,0,381,8,0,3,4,2,2,2031,34220,1,0,0,0,0,0,0,0,0,0,1
1578,0,381,8,0,3,2,2,2,2031,33450,1,0,0,0,0,0,0,0,0,0,1
1579,0,565,12,2,2,2,1,4,259,182395,0,0,1,0,0,1,0,0,0,0,1
1580,0,565,12,2,2,2,1,5,259,198195,0,0,1,0,0,1,0,0,0,0,1
1581,0,565,12,2,2,2,1,4,259,183695,0,0,1,0,0,1,0,0,0,0,1
1582,0,510,12,1,2,2,1,4,259,191995,0,0,1,0,0,1,0,0,0,0,1
1583,0,510,12,1,2,2,1,4,259,180535,0,0,1,0,0,1,0,0,0,0,1
1584,0,227,5,1,1,4,1,6,870,33050,0,0,0,0,0,0,0,1,0,0,1
1585,0,168,5,0,0,4,1,6,870,28700,0,0,0,0,0,0,0,1,0,0,1
1586,0,227,5,0,0,4,1,6,870,32850,0,0,0,0,0,0,0,1,0,0,1
1587,0,250,5,0,1,4,0,6,870,41000,0,1,0,0,0,0,0,1,0,0,1
1588,0,250,5,0,1,4,0,6,870,41200,0,1,0,0,0,0,0,1,0,0,1
1589,0,240,4,0,1,4,0,6,870,41700,0,1,0,0,0,0,0,1,0,1,0
1590,0,325,6,0,1,4,0,6,870,45400,0,0,0,0,0,1,0,1,0,0,1
1591,0,302,4,0,1,4,0,6,870,46050,0,0,0,0,0,0,0,1,1,1,0
1592,0,302,4,0,1,4,0,6,870,48950,0,0,0,0,0,0,0,1,1,1,0
1593,0,235,6,0,0,4,0,6,870,33550,0,0,0,0,0,0,0,1,0,0,1
1594,0,430,8,1,2,2,1,5,259,145200,0,0,1,0,0,1,0,0,0,0,1
1595,0,430,8,1,2,2,1,4,259,130700,0,0,1,0,0,1,0,0,0,0,1
1596,0,420,8,2,2,2,1,4,259,122400,0,0,1,0,0,1,0,0,0,0,1
1597,0,420,8,2,2,2,1,5,259,136900,0,0,1,0,0,1,0,0,0,0,1
1598,0,430,8,1,2,2,1,5,259,147495,0,0,1,0,0,1,0,0,0,0,1
1599,0,430,8,1,2,2,1,4,259,132995,0,0,1,0,0,1,0,0,0,0,1
1600,0,430,8,1,2,2,1,5,259,148795,0,0,1,0,0,1,0,0,0,0,1
1601,0,430,8,1,2,2,1,4,259,134295,0,0,1,0,0,1,0,0,0,0,1
1602,0,565,12,0,2,2,0,5,259,296295,0,0,1,0,0,1,0,0,0,0,1
1603,0,565,12,0,2,2,0,4,259,278295,0,0,1,0,0,1,0,0,0,0,1
1604,0,568,12,0,2,2,0,5,259,301695,0,0,1,0,0,1,0,0,0,0,1
1605,0,568,12,0,2,2,0,4,259,283695,0,0,1,0,0,1,0,0,0,0,1
1606,0,568,12,0,2,2,0,4,259,287650,0,0,1,0,0,1,0,0,0,0,1
1607,0,568,12,0,2,2,0,5,259,305650,0,0,1,0,0,1,0,0,0,0,1
1608,0,181,4,0,0,4,0,6,2031,31510,0,1,0,0,0,0,0,0,0,0,1
1609,0,268,6,0,0,4,0,6,2031,29770,0,1,0,0,0,0,0,0,1,0,1
1610,0,268,6,0,1,4,0,6,2031,35600,0,1,0,0,0,0,0,0,1,0,1
1611,0,260,6,0,1,4,0,1,1439,35895,0,1,0,0,0,0,0,0,0,0,1
1612,0,260,6,0,0,4,0,1,1439,28345,0,1,0,0,0,0,0,0,0,0,1
1613,0,260,6,0,1,4,0,1,1439,30245,0,1,0,0,0,0,0,0,0,0,1
1614,0,180,4,0,0,4,0,0,155,21065,1,0,0,0,0,0,0,0,0,0,1
1615,0,180,4,0,0,4,0,0,155,23480,1,0,0,0,0,0,0,0,0,0,1
1616,0,180,4,0,0,4,0,0,155,21065,1,0,0,0,0,0,0,0,0,0,1
1617,0,109,4,0,0,4,1,3,2009,17930,0,0,0,0,1,0,0,0,0,1,0
1618,0,109,4,0,0,4,1,3,2009,16380,0,0,0,0,1,0,0,0,0,1,0
1619,0,109,4,0,0,4,1,3,2009,15480,0,0,0,0,1,0,0,0,0,1,0
1620,0,109,4,0,0,4,1,0,2009,13990,1,0,0,0,0,0,0,0,0,1,0
1621,0,109,4,0,0,4,1,0,2009,14040,1,0,0,0,0,0,0,0,0,1,0
1622,0,109,4,0,0,4,1,0,2009,17280,1,0,0,0,0,0,0,0,0,1,0
1623,0,158,4,0,1,4,1,3,210,20275,0,0,0,0,1,0,0,0,0,0,1
1624,0,132,4,1,0,4,1,3,210,16100,0,0,0,0,1,0,0,0,0,1,0
1625,0,645,10,1,2,2,1,4,1851,107995,0,0,1,0,0,1,0,0,0,0,1
1626,0,645,10,1,2,2,1,4,1851,95895,0,0,1,0,0,1,0,0,0,0,1
1627,0,645,10,1,2,2,1,4,1851,95895,0,0,1,0,0,1,0,0,0,0,1
1628,0,490,12,0,2,2,0,4,259,208295,0,0,1,0,0,1,0,0,0,0,1
1629,0,490,12,0,2,2,0,5,259,223295,0,0,1,0,0,1,0,0,0,0,1
1630,0,624,12,0,2,2,2,4,86,284900,0,0,1,0,0,1,0,1,0,0,1
1631,0,624,12,0,2,2,2,4,86,294025,0,0,1,0,0,1,0,1,0,0,1
1632,0,624,12,0,2,2,2,4,86,304350,0,0,1,0,0,1,0,1,0,0,1
1633,0,305,4,1,1,4,1,0,640,37395,0,0,0,1,0,1,0,0,0,0,1
1634,0,268,4,0,1,4,1,0,640,31195,0,0,0,0,0,0,0,0,1,0,1
1635,0,305,4,1,1,4,1,0,640,34695,0,0,0,1,0,1,0,0,0,0,1
1636,0,268,4,0,1,4,1,0,640,31595,0,0,0,0,0,0,0,0,1,0,1
1637,0,305,4,1,1,4,1,0,640,39995,0,0,0,1,0,1,0,0,0,0,1
1638,0,268,4,0,1,4,1,0,640,30195,0,0,0,0,0,0,0,0,1,0,1
1639,0,240,4,0,2,4,0,1,3916,31200,0,1,0,0,0,0,0,1,1,1,0
1640,0,228,4,0,1,4,1,1,3916,34800,0,1,0,0,0,0,0,1,0,1,0
1641,0,228,4,0,0,4,1,1,3916,33100,0,1,0,0,0,0,0,1,0,1,0
1642,0,300,6,0,1,4,0,1,3916,45500,0,1,0,0,0,0,0,1,1,0,1
1643,2,180,4,0,1,4,0,1,3916,42000,0,1,0,0,0,0,0,1,0,1,0
1644,0,240,4,0,2,4,0,1,3916,38950,0,1,0,0,0,0,0,1,0,0,1
1645,2,180,4,0,1,4,0,1,3916,42450,0,1,0,0,0,0,0,1,0,1,0
1646,2,180,4,0,1,4,0,1,3916,42750,0,1,0,0,0,0,0,1,0,1,0
1647,0,300,6,0,1,4,0,1,3916,47950,0,1,0,0,0,0,0,1,1,0,1
1648,0,240,4,0,1,4,0,1,3916,44700,0,1,0,0,0,0,0,1,0,0,1
1649,0,360,6,0,1,4,0,1,3916,57800,0,1,0,1,0,1,0,1,0,0,1
1650,0,355,6,0,1,4,0,1,3916,58100,0,1,0,1,0,1,0,1,0,0,1
1651,0,567,8,0,1,4,0,1,3916,98700,0,1,0,1,0,1,0,1,0,0,1
1652,0,567,8,0,1,4,0,1,3916,98800,0,1,0,1,0,1,0,1,0,0,1
1653,0,567,8,0,1,4,0,1,3916,98800,0,1,0,1,0,1,0,1,0,0,1
1654,2,255,6,0,1,4,0,1,3916,57700,0,1,0,0,0,0,0,1,0,1,0
1655,0,300,6,0,2,4,0,1,3916,53900,0,1,0,0,0,0,0,1,0,0,1
1656,0,300,6,0,1,4,0,1,3916,57000,0,1,0,0,0,0,0,1,0,0,1
1657,2,255,6,0,1,4,0,1,3916,57700,0,1,0,0,0,0,0,1,0,1,0
1658,0,300,6,0,1,4,0,1,3916,57800,0,1,0,0,0,0,0,1,0,0,1
1659,2,255,6,0,1,4,0,1,3916,59300,0,1,0,0,0,0,0,1,0,1,0
1660,0,567,8,0,1,4,0,1,3916,102100,0,1,0,1,0,1,0,1,0,0,1
1661,0,567,8,0,1,4,0,1,3916,102200,0,1,0,1,0,1,0,1,0,0,1
1662,0,567,8,0,1,4,0,1,3916,102200,0,1,0,1,0,1,0,1,0,0,1
1663,0,300,6,0,1,4,0,1,3916,61900,0,1,0,0,0,0,0,1,0,0,1
1664,0,300,6,0,1,4,0,1,3916,62900,0,1,0,0,0,0,0,1,0,0,1
1665,0,300,6,0,2,4,0,1,3916,61400,0,1,0,0,0,0,0,1,0,0,1
1666,0,325,6,0,1,4,0,1,870,51050,0,1,0,0,0,0,0,1,1,0,1
1667,0,302,4,0,0,4,0,1,870,41350,0,1,0,0,0,0,0,1,1,1,0
1668,0,240,4,0,0,4,0,1,870,40950,0,1,0,0,0,0,0,1,0,1,0
1669,0,240,6,0,0,4,0,6,870,34500,0,1,0,0,0,0,0,1,0,0,1
1670,0,300,6,0,1,4,0,6,870,42050,0,1,0,0,0,0,0,1,0,0,1
1671,0,240,4,0,0,4,0,6,870,46675,0,1,0,0,0,0,0,1,0,1,0
1672,0,240,6,0,0,4,0,1,870,39700,0,1,0,0,0,0,0,1,0,0,1
1673,0,250,4,0,1,4,2,1,870,53250,0,1,0,0,0,0,0,1,0,1,0
1674,0,250,4,0,0,4,2,1,870,51150,0,1,0,0,0,0,0,1,0,1,0
1675,0,310,6,0,1,4,0,1,1624,62500,0,1,0,0,0,0,0,1,0,0,1
1676,0,261,6,0,3,4,0,1,2009,26900,1,0,0,0,0,0,0,0,0,0,1
1677,0,261,6,0,3,4,0,1,2009,31370,1,0,0,0,0,0,0,0,0,0,1
1678,0,261,6,1,3,4,0,1,2009,26670,1,0,0,0,0,0,0,0,0,0,1
1679,0,304,6,0,1,4,2,0,1624,64245,0,0,0,0,0,0,0,1,1,0,1
1680,0,304,6,0,0,4,2,0,1624,45295,0,0,0,0,0,0,0,1,1,0,1
1681,0,304,6,0,0,4,2,0,1624,45295,0,0,0,0,0,0,0,1,1,0,1
1682,0,148,4,1,1,4,1,1,640,21995,0,1,0,0,0,0,0,0,0,1,0
1683,0,160,4,0,1,4,1,1,640,25995,0,1,0,0,0,0,1,0,0,1,0
1684,0,148,4,1,1,4,1,1,640,21995,0,1,0,0,0,0,0,0,0,1,0
1685,0,148,4,0,1,4,1,1,640,24795,0,1,0,0,0,0,0,0,0,1,0
1686,0,106,4,1,0,4,1,0,2031,15950,1,0,0,0,0,0,0,0,0,1,0
1687,0,106,4,1,0,4,1,3,2031,16820,0,0,0,0,1,0,0,0,0,1,0
1688,0,106,4,0,0,4,1,3,2031,17670,0,0,0,0,1,0,0,0,0,1,0
1689,0,106,4,0,0,2,1,3,2031,16000,0,0,0,0,1,0,0,0,0,1,0
1690,0,332,8,0,3,4,2,1,549,54420,0,0,0,0,0,0,1,1,0,0,1
1691,0,332,8,0,3,4,2,1,549,55280,0,0,0,0,0,0,1,1,0,0,1
1692,0,332,8,0,2,4,2,1,549,54145,0,0,0,0,0,0,1,1,0,0,1
1693,1,355,8,0,3,4,2,1,549,61925,0,0,0,0,0,0,0,0,0,0,1
1694,0,420,8,0,2,4,2,1,549,67220,0,0,0,0,0,0,0,0,1,0,1
1695,1,355,8,0,2,4,2,1,549,51015,0,0,0,0,0,0,0,0,1,0,1
1696,0,420,8,0,2,4,2,1,549,68025,0,0,0,0,0,0,0,0,1,0,1
1697,1,355,8,0,3,4,2,1,549,54230,0,0,0,0,0,0,0,0,1,0,1
1698,0,420,8,0,2,4,2,1,549,68665,0,0,0,0,0,0,0,0,1,0,1
1699,1,355,8,0,3,4,2,1,549,50740,0,0,0,0,0,0,0,0,0,0,1
1700,0,420,8,0,2,4,2,1,549,64520,1,0,0,0,0,0,0,0,0,0,1
1701,0,420,8,0,2,4,2,1,549,65325,0,0,0,0,0,0,0,0,1,0,1
1702,1,355,8,0,3,4,2,1,549,51315,0,0,0,0,0,0,0,0,1,0,1
1703,0,420,8,0,3,4,2,1,549,68965,0,0,0,0,0,0,0,0,1,0,1
1704,1,355,8,0,2,4,2,1,549,57315,0,0,0,0,0,0,0,0,1,0,1
1705,0,240,4,1,2,2,1,5,3916,48950,0,0,0,0,0,0,0,1,1,1,0
1706,0,335,6,2,2,2,1,5,3916,65800,0,0,0,0,0,1,0,1,0,0,1
1707,0,240,4,1,2,2,1,5,3916,48950,0,0,0,0,0,0,0,1,1,1,0
1708,0,300,6,2,2,2,1,5,3916,56950,0,0,0,0,0,1,0,1,0,0,1
1709,0,300,6,2,2,2,1,5,3916,57500,0,0,0,0,0,1,0,1,0,0,1
1710,0,240,4,1,2,2,1,5,3916,49700,0,0,0,0,0,0,0,1,1,1,0
1711,0,300,6,0,1,4,0,3,204,46020,0,1,0,0,1,0,0,1,0,0,1
1712,0,300,6,0,1,4,0,3,204,46120,0,1,0,0,1,0,0,1,0,0,1
1713,0,300,6,0,1,4,0,3,204,50920,0,1,0,0,1,0,0,1,0,0,1
